"promo","used"
"LAYSKXINO",false
"LAYSU7M5R",false
"LAYS9G45P",false
"LAYSIZFNK",false
"LAYSC1032",false
"LAYSNV8GL",false
"LAYSF28FT",false
"LAYSW97JT",false
"LAYS1HSXB",false
"LAYS3WBUX",false
"LAYSAIPSI",false
"LAYSZYGGH",false
"LAYS3I0XK",false
"LAYSVU3DK",false
"LAYSVAO7P",false
"LAYSPR7WX",false
"LAYSECDFO",false
"LAYSBOGLH",false
"LAYS8N22Q",false
"LAYS5PFM3",false
"LAYS5XTOZ",false
"LAYS4EDZZ",false
"LAYSJBQXP",false
"LAYS560NX",false
"LAYS2CIT3",false
"LAYS6SX9J",false
"LAYS7NT6E",false
"LAYSEHRSU",false
"LAYS52U5V",false
"LAYS7WGWF",false
"LAYSPLZWG",false
"LAYSYU9AX",false
"LAYSR6516",false
"LAYSNN4IJ",false
"LAYS3SA1U",false
"LAYSI7CAH",false
"LAYSWMTI6",false
"LAYSVOWTU",false
"LAYSXNSX9",false
"LAYS4ZQAI",false
"LAYSXJ7M7",false
"LAYSK6G8H",false
"LAYSWELKV",false
"LAYSFM8WQ",false
"LAYSK971Q",false
"LAYS0R3P7",false
"LAYS5LNN6",false
"LAYS1EJK9",false
"LAYSNM0I8",false
"LAYS4YKRL",false
"LAYSOTHEJ",false
"LAYSKDF46",false
"LAYSVD18N",false
"LAYS8P8OB",false
"LAYS6TYJX",false
"LAYSOMT6C",false
"LAYSAO8W8",false
"LAYSPQ3DF",false
"LAYSOLK5I",false
"LAYS4AVWT",false
"LAYSE9VZZ",false
"LAYSM9JMK",false
"LAYSKZUPE",false
"LAYSCPASD",false
"LAYSYT71P",false
"LAYS97CXF",false
"LAYSXWYGB",false
"LAYSR5QI6",false
"LAYS1BQFF",false
"LAYS1FOZ9",false
"LAYSZ3TTG",false
"LAYSAVDBX",false
"LAYSPHHPA",false
"LAYS11LU0",false
"LAYS41UXN",false
"LAYSRJQDZ",false
"LAYS8IPXC",false
"LAYS24VKX",false
"LAYSPWULS",false
"LAYSFCLPX",false
"LAYSK37UP",false
"LAYSZDE5M",false
"LAYSX52AD",false
"LAYSWLQAC",false
"LAYSR9E96",false
"LAYS4ART2",false
"LAYSEXWTC",false
"LAYSC0G8J",false
"LAYSEJLR8",false
"LAYSCG84R",false
"LAYSDCHUU",false
"LAYS2Q76V",false
"LAYSTV9HR",false
"LAYSENQ9M",false
"LAYS6OZ3M",false
"LAYSKBM1H",false
"LAYSZINXM",false
"LAYS6CKDN",false
"LAYSJK7QB",false
"LAYSD56DG",false
"LAYS53I1K",false
"LAYSSSCC8",false
"LAYSZO4R8",false
"LAYSRONUC",false
"LAYST3N9Z",false
"LAYS89O77",false
"LAYSYIWE1",false
"LAYS1X5SU",false
"LAYSM4WS0",false
"LAYSUM4A8",false
"LAYSQKHAB",false
"LAYSITTFH",false
"LAYSNPNNO",false
"LAYSLE285",false
"LAYS5B0YZ",false
"LAYST07JV",false
"LAYSP2J2T",false
"LAYSE96AK",false
"LAYSVWIFP",false
"LAYSR2D4L",false
"LAYSBJXPE",false
"LAYSF5PC4",false
"LAYSMDMFF",false
"LAYSEWT79",false
"LAYSHUB55",false
"LAYSVFJSM",false
"LAYSX0Q8S",false
"LAYSNA0XG",false
"LAYS6V59I",false
"LAYSUZPHJ",false
"LAYS0JV3K",false
"LAYSHSAWE",false
"LAYS3U9SW",false
"LAYSZH1DA",false
"LAYSTK8FN",false
"LAYS1FV1T",false
"LAYS96OXA",false
"LAYSY9X1F",false
"LAYSWXDIN",false
"LAYSWTVJ7",false
"LAYS6UPIH",false
"LAYSQZJMU",false
"LAYSPSOT8",false
"LAYSS1VOB",false
"LAYS9D8DC",false
"LAYSGTJPQ",false
"LAYSJKH6E",false
"LAYS5HPBG",false
"LAYSEYZBH",false
"LAYSL4KZF",false
"LAYSS2JAC",false
"LAYSISG61",false
"LAYS5HEZ9",false
"LAYS1DYDS",false
"LAYSC3GLN",false
"LAYSJEKM0",false
"LAYS2VGKG",false
"LAYSO64GH",false
"LAYS8G74X",false
"LAYS6HX9U",false
"LAYSWW4VV",false
"LAYS8BN0Y",false
"LAYSQ6XHM",false
"LAYSX4QBZ",false
"LAYSWP595",false
"LAYS9MZM9",false
"LAYS4H4A0",false
"LAYSJXURQ",false
"LAYSFPWOT",false
"LAYS5C2AI",false
"LAYSIPRAN",false
"LAYS8W1ZF",false
"LAYSDE355",false
"LAYSELTTF",false
"LAYSZCU13",false
"LAYSEO87J",false
"LAYS22G42",false
"LAYSF8URF",false
"LAYSQ77IK",false
"LAYSZ53T4",false
"LAYS4P177",false
"LAYSBSB5P",false
"LAYS3BJNL",false
"LAYSN8998",false
"LAYSXJ4XZ",false
"LAYSWJADA",false
"LAYS4SNJA",false
"LAYS6CHH0",false
"LAYS0BIQ3",false
"LAYSPW6BO",false
"LAYSH1S61",false
"LAYS9UJ7H",false
"LAYSM9JG2",false
"LAYSKBIQB",false
"LAYSYP3LE",false
"LAYSJVV7U",false
"LAYSBICDF",false
"LAYSKMDYJ",false
"LAYSO3E7P",false
"LAYS9K7MP",false
"LAYSDEP13",false
"LAYS923AV",false
"LAYSRFGRW",false
"LAYSJ8JHJ",false
"LAYS46SL0",false
"LAYSJJR1U",false
"LAYSYCJEN",false
"LAYSU77B5",false
"LAYS7CZHJ",false
"LAYSJU4Y3",false
"LAYSN56WF",false
"LAYSXGFJK",false
"LAYSDEPQ5",false
"LAYSL0TVU",false
"LAYSLI6W7",false
"LAYSRH7M9",false
"LAYSMPVLZ",false
"LAYS0E5CA",false
"LAYST9QPY",false
"LAYSYUJ91",false
"LAYS1I40U",false
"LAYSP8T43",false
"LAYSASXKZ",false
"LAYSSUZKG",false
"LAYS8IVLU",false
"LAYSQBR5A",false
"LAYSJO1HZ",false
"LAYSOL680",false
"LAYS7L747",false
"LAYS9ENMJ",false
"LAYSUAIQ8",false
"LAYSLJ9ND",false
"LAYSOI801",false
"LAYS7BOH2",false
"LAYS7PTCU",false
"LAYSLRIOX",false
"LAYSSC1DA",false
"LAYSXF8WR",false
"LAYSQ61NW",false
"LAYSNQ1XR",false
"LAYSWP3PL",false
"LAYS5KDXM",false
"LAYSBR9Y0",false
"LAYSW6EUG",false
"LAYSISK03",false
"LAYSJ8EYL",false
"LAYS6VRDX",false
"LAYSH97JO",false
"LAYSHTRCY",false
"LAYSL4VKQ",false
"LAYSY783M",false
"LAYS9BS3H",false
"LAYSY5MWC",false
"LAYSPHGOC",false
"LAYSBZ4C1",false
"LAYSN2A5K",false
"LAYSFIDOI",false
"LAYSVE5UL",false
"LAYSR78V3",false
"LAYS3VV2E",false
"LAYSN1MV9",false
"LAYSD9GMS",false
"LAYSO86TS",false
"LAYSUBAKD",false
"LAYSUJ9YL",false
"LAYSHJ03G",false
"LAYSWWFZ7",false
"LAYSR4UTO",false
"LAYS7XKU7",false
"LAYSR744V",false
"LAYSNBNOA",false
"LAYSQENU8",false
"LAYSA1Z9T",false
"LAYSNYEP3",false
"LAYSTFJ6C",false
"LAYS96IF2",false
"LAYS4TTFJ",false
"LAYSZDVH9",false
"LAYS4YMER",false
"LAYSDXN7Z",false
"LAYSER7TH",false
"LAYS0CNTP",false
"LAYS3AQP8",false
"LAYSHVMCV",false
"LAYSHZEV3",false
"LAYS68UTP",false
"LAYSBK7KJ",false
"LAYS1158I",false
"LAYSYTU74",false
"LAYSO7NGW",false
"LAYS1OPAJ",false
"LAYSPJ3BJ",false
"LAYSNVCNN",false
"LAYS7N5SO",false
"LAYSE4CF3",false
"LAYS5VF0N",false
"LAYSVRN7P",false
"LAYSGVCOD",false
"LAYS8J5AZ",false
"LAYSKO730",false
"LAYSPWIQ1",false
"LAYSOZAB5",false
"LAYS5819V",false
"LAYS92E39",false
"LAYSYZHX4",false
"LAYSLSWN9",false
"LAYSLTH3P",false
"LAYSVIDVQ",false
"LAYSDFJQ4",false
"LAYS2BJYA",false
"LAYS50J79",false
"LAYSZ0AJW",false
"LAYSCNHR8",false
"LAYSRETU3",false
"LAYSW2V90",false
"LAYSSQHIJ",false
"LAYS0HHL6",false
"LAYSFT2RB",false
"LAYSQ4K9C",false
"LAYSQGJ3I",false
"LAYSTQIF2",false
"LAYSV8L06",false
"LAYSEPZD2",false
"LAYSJVMHP",false
"LAYSJ74QF",false
"LAYS3VSHA",false
"LAYSZK7CP",false
"LAYS38SQI",false
"LAYSZKLD0",false
"LAYSIZAQI",false
"LAYSS6XX4",false
"LAYS38XDV",false
"LAYSB4EA0",false
"LAYSHQWLM",false
"LAYSOIOMA",false
"LAYS47LYN",false
"LAYSE6TJ6",false
"LAYSQ7VDP",false
"LAYSN29IX",false
"LAYS16GFA",false
"LAYS5WXKP",false
"LAYS178L2",false
"LAYSJ2COT",false
"LAYSX9J0E",false
"LAYSGQ5Y2",false
"LAYSCWJOI",false
"LAYSY6UPM",false
"LAYS9AG30",false
"LAYSA6GS0",false
"LAYS8VFHP",false
"LAYSK4QKH",false
"LAYSMLMQ6",false
"LAYS9RORX",false
"LAYSG5BOY",false
"LAYS8YKM0",false
"LAYSMLKT0",false
"LAYSUMC7X",false
"LAYS094WM",false
"LAYSUN02S",false
"LAYS4GVWO",false
"LAYSYQT2G",false
"LAYSL6FO8",false
"LAYS02QAG",false
"LAYSACDZG",false
"LAYSFBHU6",false
"LAYSTRZPD",false
"LAYS70QRM",false
"LAYSQDPWR",false
"LAYSW7J96",false
"LAYSXPUSJ",false
"LAYSED4AV",false
"LAYSWBMEW",false
"LAYSFV26N",false
"LAYSSYNX6",false
"LAYSTX9EC",false
"LAYSXZ0QG",false
"LAYS8JY45",false
"LAYS75IJI",false
"LAYST9CIT",false
"LAYS1LNIU",false
"LAYSITWP7",false
"LAYSH52XA",false
"LAYSFY98M",false
"LAYS7K4N1",false
"LAYSC6BGZ",false
"LAYSFVRAY",false
"LAYSN3HDU",false
"LAYS31OSX",false
"LAYS10NHV",false
"LAYSIM8S4",false
"LAYSCPO3N",false
"LAYSHUSTK",false
"LAYSEKFCQ",false
"LAYSUH71K",false
"LAYSFM24S",false
"LAYSWVOEL",false
"LAYS5SCPY",false
"LAYSUCN8F",false
"LAYSJSY5G",false
"LAYST0JUV",false
"LAYSGKL3Z",false
"LAYSC66FU",false
"LAYSA6WN5",false
"LAYSXYFNN",false
"LAYS2VTRS",false
"LAYSICWJG",false
"LAYS048XO",false
"LAYSZIZW3",false
"LAYSKISIB",false
"LAYSG1HH6",false
"LAYSXIGPH",false
"LAYSOUGMY",false
"LAYSZDUCY",false
"LAYS1CR61",false
"LAYSIZOOQ",false
"LAYS79XJH",false
"LAYST5RTH",false
"LAYSD8X63",false
"LAYSMFT6P",false
"LAYS32TAJ",false
"LAYS8TV9Q",false
"LAYSKBK8F",false
"LAYSM2C9D",false
"LAYSWGEXS",false
"LAYS3RWR1",false
"LAYSOKYLZ",false
"LAYSRAJ54",false
"LAYSXUYNN",false
"LAYSQ264Q",false
"LAYS8ZM2F",false
"LAYS0H2MC",false
"LAYSIM1FL",false
"LAYSPAVZ4",false
"LAYSDPR3D",false
"LAYS8M2W0",false
"LAYSCXTIL",false
"LAYSKSNBR",false
"LAYS95PG0",false
"LAYSB4C9L",false
"LAYSHN2OZ",false
"LAYSUHNIF",false
"LAYS35GFV",false
"LAYS0O690",false
"LAYSCNA71",false
"LAYSLF8CR",false
"LAYSX96X9",false
"LAYS5M43E",false
"LAYSN6F0K",false
"LAYSE0CKX",false
"LAYSEISNI",false
"LAYSRXNYC",false
"LAYS8DM20",false
"LAYSBN84T",false
"LAYSG76EH",false
"LAYSYST43",false
"LAYSVYWW2",false
"LAYS1ZNPY",false
"LAYSOPP1F",false
"LAYSJON6I",false
"LAYSBQ9NQ",false
"LAYSJ9UA2",false
"LAYSV8VCH",false
"LAYSWE3XY",false
"LAYS3ZQ5Y",false
"LAYSA4NET",false
"LAYSJ34GV",false
"LAYSB9MHZ",false
"LAYS23IES",false
"LAYS65IA4",false
"LAYSXBYXD",false
"LAYS2TWY8",false
"LAYSJPWPJ",false
"LAYS2JXAG",false
"LAYSFABSB",false
"LAYSETF2L",false
"LAYSNW76A",false
"LAYS8YCG8",false
"LAYSWB3D4",false
"LAYSN71T1",false
"LAYSTR9VJ",false
"LAYSN4IGP",false
"LAYSWPPBC",false
"LAYSAXP6U",false
"LAYSSV060",false
"LAYSJZDEM",false
"LAYS62YCG",false
"LAYSKLZT7",false
"LAYSEGEVA",false
"LAYSM2B8M",false
"LAYSHIQW7",false
"LAYSJ4HT5",false
"LAYSE8L4A",false
"LAYSFE7VQ",false
"LAYS3W0G4",false
"LAYS6RVDT",false
"LAYS7E27Z",false
"LAYSHTIGW",false
"LAYSZ8H07",false
"LAYST9GF5",false
"LAYSW16MR",false
"LAYSVEUES",false
"LAYSZKWUB",false
"LAYSACPLL",false
"LAYS6GAZN",false
"LAYSQ3YDK",false
"LAYS9QZ12",false
"LAYSMN5SU",false
"LAYSEI4M7",false
"LAYSRUOT9",false
"LAYSCD8A2",false
"LAYSB1BC4",false
"LAYSUVFZP",false
"LAYS26PPN",false
"LAYSBVWDT",false
"LAYSBZK54",false
"LAYSBLTTG",false
"LAYSNE5VL",false
"LAYSGQ824",false
"LAYSZ32E4",false
"LAYS9GVBU",false
"LAYSJ3CCC",false
"LAYS5HAQJ",false
"LAYSGTOHS",false
"LAYSY23L1",false
"LAYSG52UT",false
"LAYSVWS1S",false
"LAYSO05N3",false
"LAYSV6RGM",false
"LAYS3H90S",false
"LAYSFUKYH",false
"LAYSORB2J",false
"LAYS75DQK",false
"LAYSK0OD8",false
"LAYS3IP0D",false
"LAYS2CIOU",false
"LAYSZVI2V",false
"LAYSCLEXC",false
"LAYSJEC5A",false
"LAYSQFKTR",false
"LAYSR9360",false
"LAYS2QEYQ",false
"LAYSNANDD",false
"LAYSOEIQN",false
"LAYSSZYOT",false
"LAYS09XWW",false
"LAYSLBM7U",false
"LAYS2LGMB",false
"LAYSV0P94",false
"LAYS7PJUH",false
"LAYSV64QR",false
"LAYS3HXQC",false
"LAYSVD2JX",false
"LAYSV9B4H",false
"LAYSKKMMN",false
"LAYS05LOS",false
"LAYSHC9P1",false
"LAYSKR81Y",false
"LAYSKKFEB",false
"LAYSEDDBP",false
"LAYS72WLJ",false
"LAYS7EJEL",false
"LAYSLWZLD",false
"LAYS7K465",false
"LAYSH3AMV",false
"LAYSIUSII",false
"LAYSKBAVD",false
"LAYSFOH9T",false
"LAYSG4J47",false
"LAYSDN17B",false
"LAYSCIGRX",false
"LAYS8AP7C",false
"LAYSKE31U",false
"LAYSNOI7Q",false
"LAYS4DQRB",false
"LAYSHI6MZ",false
"LAYSIVY00",false
"LAYS20BWK",false
"LAYS6NER8",false
"LAYSC31D5",false
"LAYSV9AHT",false
"LAYSX9V50",false
"LAYSRY1SN",false
"LAYS6A2VC",false
"LAYSVCVK4",false
"LAYSX0L0M",false
"LAYSY2RC7",false
"LAYSLBKWK",false
"LAYSAQTLN",false
"LAYSTNAG7",false
"LAYSIOHUP",false
"LAYSNAHW9",false
"LAYS1CN21",false
"LAYSXGN0N",false
"LAYS399JN",false
"LAYS2P36M",false
"LAYSIGZ41",false
"LAYSJ9EZN",false
"LAYSWZXHB",false
"LAYS7HANR",false
"LAYSWGH5B",false
"LAYSJEE8G",false
"LAYSMV5JM",false
"LAYSR1JEB",false
"LAYSE9F53",false
"LAYS1P6FS",false
"LAYSS40CJ",false
"LAYSX5WOQ",false
"LAYSGL5ZU",false
"LAYSY9IKA",false
"LAYSNMQZ9",false
"LAYSIOXPV",false
"LAYSZX3N7",false
"LAYSZOP78",false
"LAYSCPJEW",false
"LAYSC9KUJ",false
"LAYSKCU63",false
"LAYSAQ54H",false
"LAYSJKWBY",false
"LAYSB74G3",false
"LAYS8KKS9",false
"LAYS7QSXG",false
"LAYS02TRB",false
"LAYS6L695",false
"LAYSBU6R6",false
"LAYSC7NIM",false
"LAYSXSG8X",false
"LAYS5X1TP",false
"LAYS3IEE6",false
"LAYSOBHEP",false
"LAYSBX22P",false
"LAYSB14OA",false
"LAYSSFUWX",false
"LAYSP3LVA",false
"LAYS23UNJ",false
"LAYSIHUTV",false
"LAYSA3NN4",false
"LAYS4NGKQ",false
"LAYSWPE2D",false
"LAYSCGBJF",false
"LAYSA1T8E",false
"LAYSFS4FR",false
"LAYSE4QB2",false
"LAYS9FLLL",false
"LAYSUI2HZ",false
"LAYSXGS0P",false
"LAYS4719D",false
"LAYS1GKLZ",false
"LAYS6B3NY",false
"LAYSQ0AX7",false
"LAYSR0FSP",false
"LAYSEJAJO",false
"LAYSLSL06",false
"LAYSMDBZR",false
"LAYSQYRN7",false
"LAYS4G982",false
"LAYSKKP1H",false
"LAYSKQJAE",false
"LAYSLPKZR",false
"LAYSUP75X",false
"LAYSDB7C6",false
"LAYSDA7Y1",false
"LAYSOX13Q",false
"LAYSAR4RH",false
"LAYSCOJCX",false
"LAYSQGAW1",false
"LAYSC8VAP",false
"LAYSYX2NJ",false
"LAYSFNYGK",false
"LAYSUFJRI",false
"LAYSFVLLQ",false
"LAYSMDL2F",false
"LAYSI347E",false
"LAYSM2IEK",false
"LAYSFXV77",false
"LAYS40BDF",false
"LAYSAS1UM",false
"LAYSDFHKI",false
"LAYS4RQOE",false
"LAYSW0TL4",false
"LAYSRTYBO",false
"LAYSOSEJH",false
"LAYSWHH44",false
"LAYS4HVVX",false
"LAYSX0YP1",false
"LAYS4VF51",false
"LAYSHEGGP",false
"LAYS5CYY9",false
"LAYSQYHLD",false
"LAYSTVDG1",false
"LAYSH5AKD",false
"LAYS5QHM8",false
"LAYSG3B39",false
"LAYSDQGSC",false
"LAYSJM8LR",false
"LAYS9WXR2",false
"LAYSTL0EJ",false
"LAYS8WDZA",false
"LAYS1P5CD",false
"LAYS0TQ56",false
"LAYSNEMPL",false
"LAYSXS9Q1",false
"LAYS9A87R",false
"LAYS80TSB",false
"LAYSRKDTR",false
"LAYSO89SG",false
"LAYS69O6L",false
"LAYS9IFRJ",false
"LAYSUEMUO",false
"LAYSTY2AS",false
"LAYSHLBU3",false
"LAYSJ9Q65",false
"LAYS82Z6J",false
"LAYSWNVKD",false
"LAYS0O1NQ",false
"LAYSIGIMV",false
"LAYSNIRCJ",false
"LAYSM0LZN",false
"LAYSL8ZZQ",false
"LAYS46CO6",false
"LAYSBPGP3",false
"LAYSYID5V",false
"LAYSS4UCL",false
"LAYSUS9NY",false
"LAYSFTC5P",false
"LAYS7II0S",false
"LAYSV9VQ8",false
"LAYSO2XLA",false
"LAYSR1H1B",false
"LAYS5NUHN",false
"LAYS57TY9",false
"LAYSLSFMH",false
"LAYSJV421",false
"LAYSUEYSD",false
"LAYS5O53S",false
"LAYSKI86U",false
"LAYSJOP2V",false
"LAYSAVJCE",false
"LAYSFDNDC",false
"LAYS688YV",false
"LAYSA2DXM",false
"LAYSCSINM",false
"LAYSRIDYU",false
"LAYS11OW4",false
"LAYSLA559",false
"LAYS7OQ9W",false
"LAYSWJ2RP",false
"LAYSPFD3Z",false
"LAYS8KKQ3",false
"LAYS8FUOF",false
"LAYSMYZY5",false
"LAYSHF7MQ",false
"LAYSHC01M",false
"LAYS38BNH",false
"LAYSPKFP1",false
"LAYSY1SB8",false
"LAYSZ2O9Y",false
"LAYS2W424",false
"LAYSSDU8E",false
"LAYSZGLL1",false
"LAYS8AUT1",false
"LAYSMNGP6",false
"LAYSD1JGT",false
"LAYSUUIYO",false
"LAYSJ1CMS",false
"LAYSP1YQ2",false
"LAYSO3G32",false
"LAYS5W603",false
"LAYSMKN17",false
"LAYSL09XI",false
"LAYSDII93",false
"LAYSMYX7K",false
"LAYS7IFX4",false
"LAYSTMBIO",false
"LAYS3NGC6",false
"LAYS8N32V",false
"LAYSW0YCL",false
"LAYS7ZHQG",false
"LAYSFU8OA",false
"LAYSIKR0R",false
"LAYS2HJ6L",false
"LAYSIEDXS",false
"LAYSZAILE",false
"LAYS10JLV",false
"LAYS62OAM",false
"LAYSVN1S7",false
"LAYSOQN45",false
"LAYSLO0YI",false
"LAYSLLA3D",false
"LAYS64U2W",false
"LAYS4ZRB2",false
"LAYS9IZTU",false
"LAYSKBQAU",false
"LAYS3AUEK",false
"LAYSN77BS",false
"LAYSJZVKH",false
"LAYS86IHA",false
"LAYST0MN7",false
"LAYSN3CFK",false
"LAYS8OH0X",false
"LAYS687XO",false
"LAYSJX4AZ",false
"LAYSK9KLL",false
"LAYS6N5DI",false
"LAYS13RY6",false
"LAYSX1NI1",false
"LAYSYDQ2V",false
"LAYS1G3KC",false
"LAYS7E4HU",false
"LAYSHWNK6",false
"LAYSJZDMZ",false
"LAYS54JML",false
"LAYS98G7J",false
"LAYSGA1BX",false
"LAYS94209",false
"LAYSHKC6M",false
"LAYSKVLQ2",false
"LAYS7LV58",false
"LAYSCUA5H",false
"LAYS3YQ09",false
"LAYSO0MF6",false
"LAYS68EKR",false
"LAYSOOC9B",false
"LAYSHHJDX",false
"LAYS0N278",false
"LAYSS1DIQ",false
"LAYSM8O5L",false
"LAYSQSGV8",false
"LAYSL20DR",false
"LAYSX5UXK",false
"LAYSDWXWH",false
"LAYS09DXW",false
"LAYSEVP85",false
"LAYSWC73T",false
"LAYSOF8CJ",false
"LAYSIWXVX",false
"LAYSNP72Z",false
"LAYS93FW9",false
"LAYSSS91R",false
"LAYSJHO4S",false
"LAYSW5CAU",false
"LAYSH41RK",false
"LAYSKN0OS",false
"LAYSG9RER",false
"LAYSPTCW1",false
"LAYSKI66E",false
"LAYSPHC1E",false
"LAYSCOHU6",false
"LAYSVI531",false
"LAYSHZQFG",false
"LAYSVRHFS",false
"LAYS6NKXA",false
"LAYSW9YE3",false
"LAYSJ68NN",false
"LAYSGMJ3Q",false
"LAYSL6DI0",false
"LAYSBS2H0",false
"LAYSBOPDH",false
"LAYSU3K7N",false
"LAYS8X2RE",false
"LAYSDVJOI",false
"LAYSB4UN3",false
"LAYSVHL7L",false
"LAYSH695I",false
"LAYSHKYK6",false
"LAYSOYYS2",false
"LAYSEFLUR",false
"LAYS9CP2V",false
"LAYSTFD3J",false
"LAYSP0LGZ",false
"LAYSCNIDY",false
"LAYSXYMXS",false
"LAYSWOQHN",false
"LAYSBV4KN",false
"LAYSLDYH7",false
"LAYSX1RZS",false
"LAYS219N3",false
"LAYSA8YS6",false
"LAYSYAYKS",false
"LAYSBG05U",false
"LAYSGGXPE",false
"LAYSGV57A",false
"LAYSWGM59",false
"LAYSYU8WY",false
"LAYS8BQ9L",false
"LAYSNTODK",false
"LAYSDFZ29",false
"LAYSNEMHH",false
"LAYSKF52V",false
"LAYSB4YV4",false
"LAYSOWC1D",false
"LAYSOABHA",false
"LAYSM6U8C",false
"LAYSRGNGM",false
"LAYSRFH0D",false
"LAYSPN72I",false
"LAYSTYLSH",false
"LAYSWTE8V",false
"LAYSQF730",false
"LAYSGUI20",false
"LAYSMTDOB",false
"LAYS7AOI4",false
"LAYS9NYXT",false
"LAYSOUWHP",false
"LAYSS6ZBM",false
"LAYS1U9IO",false
"LAYSI6FWN",false
"LAYSZ6FWX",false
"LAYS9NNNA",false
"LAYS7X5CY",false
"LAYSV06Z3",false
"LAYSIKQPA",false
"LAYS0BI9N",false
"LAYS8NPCI",false
"LAYS9AWDU",false
"LAYSFA3TJ",false
"LAYSSN29K",false
"LAYSZL920",false
"LAYSUQDK2",false
"LAYSIJT0R",false
"LAYSS5Q1O",false
"LAYSX9EAU",false
"LAYSTX771",false
"LAYSHU13I",false
"LAYSVICNQ",false
"LAYS91YZJ",false
"LAYSL6MDJ",false
"LAYSSI4EJ",false
"LAYSCYS2N",false
"LAYSCPU0M",false
"LAYSO5MTW",false
"LAYSO93AV",false
"LAYSK89NH",false
"LAYSQG8H4",false
"LAYSGKZL4",false
"LAYSJUUVO",false
"LAYSZFNVX",false
"LAYS0T8S9",false
"LAYSFP9PO",false
"LAYSEOB3Z",false
"LAYS6JU4C",false
"LAYS1U5HH",false
"LAYSDYC2F",false
"LAYSE9IH3",false
"LAYSDLUXC",false
"LAYSL63RZ",false
"LAYSRBPKI",false
"LAYSUPARR",false
"LAYSB2HD2",false
"LAYSFKCXF",false
"LAYSFAXZY",false
"LAYSOS96F",false
"LAYSLSLIM",false
"LAYSTD761",false
"LAYSWMJUH",false
"LAYSEKDON",false
"LAYSH15CU",false
"LAYSR0305",false
"LAYSAYMTQ",false
"LAYSI17D0",false
"LAYSKW7N2",false
"LAYSXB0A7",false
"LAYSO2BW4",false
"LAYSUH60G",false
"LAYSOAX0I",false
"LAYS0G32E",false
"LAYSGNBS7",false
"LAYSGE9UA",false
"LAYSWGJ5W",false
"LAYS6IXNB",false
"LAYS67LA9",false
"LAYSZOEY9",false
"LAYSNECMU",false
"LAYSBLC7X",false
"LAYSOGQC1",false
"LAYSRX12P",false
"LAYSVTMSO",false
"LAYSHEXQB",false
"LAYSDJLLM",false
"LAYSMZRC8",false
"LAYS3HXIW",false
"LAYSOWGFK",false
"LAYSXUNAY",false
"LAYSJJ34Z",false
"LAYSXU1RR",false
"LAYSV8C27",false
"LAYSBPOUY",false
"LAYSU2IOE",false
"LAYS91B9L",false
"LAYS6N6YB",false
"LAYSEGXNC",false
"LAYSJ9K2R",false
"LAYSSWPRZ",false
"LAYS7MCSG",false
"LAYSRQD9G",false
"LAYSSEOXT",false
"LAYSJWNXZ",false
"LAYSGLBI9",false
"LAYS6ZLZ8",false
"LAYSIZV1M",false
"LAYS5NUHN",false
"LAYS02QAG",false
"LAYSZ53T4",false
"LAYSACDZG",false
"LAYSUEYSD",false
"LAYS4YDJ6",false
"LAYSX0AED",false
"LAYS4QK9M",false
"LAYSDZBD1",false
"LAYSSXJKD",false
"LAYS6IC2H",false
"LAYS18YQ0",false
"LAYSC9ZB4",false
"LAYSCNDL1",false
"LAYS73XZR",false
"LAYSLBAD5",false
"LAYSV3VFQ",false
"LAYSZRHIJ",false
"LAYSB3EAZ",false
"LAYSE5P9I",false
"LAYSBHB4K",false
"LAYSN67FN",false
"LAYSMSNXM",false
"LAYSGZ018",false
"LAYSLFN66",false
"LAYSLNST3",false
"LAYS9UP7P",false
"LAYSXFKK4",false
"LAYSECY4U",false
"LAYSPFXUM",false
"LAYSMP0F9",false
"LAYSH1QKN",false
"LAYS4FAFE",false
"LAYSF4ZNR",false
"LAYSVCTN6",false
"LAYSSUGLN",false
"LAYS4ZNP0",false
"LAYSZTABR",false
"LAYSLVO61",false
"LAYS57T63",false
"LAYS70G7C",false
"LAYSXVL85",false
"LAYSYH5DO",false
"LAYSQX501",false
"LAYSVBP9X",false
"LAYSJ49XR",false
"LAYS0FY64",false
"LAYS379UO",false
"LAYSVN0L7",false
"LAYS5CZAI",false
"LAYSQUK3E",false
"LAYSIMMBS",false
"LAYSW4GRM",false
"LAYS77PI4",false
"LAYSK88TD",false
"LAYS8JJFQ",false
"LAYS7XK8T",false
"LAYSPUVON",false
"LAYS3KV2Z",false
"LAYSHSUGH",false
"LAYSHUSLF",false
"LAYSHRXO2",false
"LAYSZ0T81",false
"LAYSFGT2N",false
"LAYSLHDDK",false
"LAYS0NMJG",false
"LAYS58QGS",false
"LAYSLRBNJ",false
"LAYSFZWRQ",false
"LAYSFZUKC",false
"LAYSNFTKS",false
"LAYS062B3",false
"LAYS3FAL4",false
"LAYSA5WVN",false
"LAYS2U377",false
"LAYSRKJW5",false
"LAYSUSRIQ",false
"LAYSI1KI0",false
"LAYSABYSD",false
"LAYS3DV1X",false
"LAYSCH996",false
"LAYSZAZQX",false
"LAYSME2MY",false
"LAYSI4NGN",false
"LAYS4ERYE",false
"LAYSEXMRJ",false
"LAYSJXXR7",false
"LAYSIB82Y",false
"LAYSY11B2",false
"LAYS0LJCI",false
"LAYSHJ5L7",false
"LAYSUZCKT",false
"LAYS5JFF0",false
"LAYSODNT5",false
"LAYSSIOG6",false
"LAYS8UFKA",false
"LAYSKAZA2",false
"LAYSM9P59",false
"LAYS99TRP",false
"LAYS56SM9",false
"LAYS7OLDM",false
"LAYS9J8BR",false
"LAYSYYQ5X",false
"LAYSDAT4U",false
"LAYS6WGDP",false
"LAYSD3RB9",false
"LAYSLEBAV",false
"LAYSQWI37",false
"LAYS611C8",false
"LAYSK951W",false
"LAYSSTQLW",false
"LAYSUGBOV",false
"LAYSCWLAZ",false
"LAYS4JD12",false
"LAYS7ERXA",false
"LAYS9Q0AL",false
"LAYS4WNXK",false
"LAYSOYC36",false
"LAYSX10LG",false
"LAYS38E0N",false
"LAYS3EJ1I",false
"LAYSQ7TEM",false
"LAYSBXOEL",false
"LAYSMHPBA",false
"LAYS17BQM",false
"LAYSZOTL4",false
"LAYSI02Q5",false
"LAYSQXFAJ",false
"LAYSJRASC",false
"LAYSPN9NG",false
"LAYSMBESZ",false
"LAYSMDHH1",false
"LAYSWZWAD",false
"LAYSLD2OG",false
"LAYSKPS9U",false
"LAYSL4C3P",false
"LAYSJE23B",false
"LAYS7CZU8",false
"LAYSM5CPF",false
"LAYST9SA6",false
"LAYS9CCRN",false
"LAYS8K331",false
"LAYSTY86H",false
"LAYSRBHDZ",false
"LAYSMWXAJ",false
"LAYSZ8R67",false
"LAYSNXWEE",false
"LAYSXXR7Z",false
"LAYSCG3BN",false
"LAYSQTRE5",false
"LAYSVCE8U",false
"LAYS3FBDJ",false
"LAYSD3WTO",false
"LAYSSWZ9L",false
"LAYS1AATQ",false
"LAYSBRRVL",false
"LAYS80L2F",false
"LAYS2QEXP",false
"LAYSZCVOB",false
"LAYSZIK3S",false
"LAYSL278U",false
"LAYSI890R",false
"LAYSSGH7A",false
"LAYS767PP",false
"LAYS3JB1P",false
"LAYSIP38P",false
"LAYSU8VZ4",false
"LAYSJCQME",false
"LAYSN54LE",false
"LAYSZOMXC",false
"LAYS88UWZ",false
"LAYSOSELB",false
"LAYSACVP9",false
"LAYS3JS62",false
"LAYSFWF5T",false
"LAYSYCOB9",false
"LAYS2I32G",false
"LAYS96MN7",false
"LAYSH3CH5",false
"LAYS9WEPK",false
"LAYSMET93",false
"LAYSZ22KA",false
"LAYSTWXPN",false
"LAYS98RD7",false
"LAYSC307F",false
"LAYSRT4KX",false
"LAYS4XB10",false
"LAYSF9UBY",false
"LAYSQP00M",false
"LAYSAPCQN",false
"LAYSKXVKV",false
"LAYSVR22L",false
"LAYSV526K",false
"LAYSGSXM7",false
"LAYS6QRQO",false
"LAYSC1S3F",false
"LAYSZHOKE",false
"LAYSPLCKT",false
"LAYSQDFRM",false
"LAYS1T8FT",false
"LAYSN0B7C",false
"LAYST3L7B",false
"LAYS3VC2O",false
"LAYSTOPXE",false
"LAYSXBBYB",false
"LAYS1KZNV",false
"LAYSNK3CX",false
"LAYSJ8SMA",false
"LAYSCTYCU",false
"LAYSTALST",false
"LAYS6R9UT",false
"LAYS7YCM0",false
"LAYSY7GHG",false
"LAYSII851",false
"LAYSDFQAN",false
"LAYSMT9E9",false
"LAYSN54UU",false
"LAYS9GFMZ",false
"LAYSKRIQ5",false
"LAYSY5QIL",false
"LAYS0N0AB",false
"LAYSI3SR0",false
"LAYSAV781",false
"LAYSEMJGP",false
"LAYS1CH7W",false
"LAYSN9NFM",false
"LAYSERDGZ",false
"LAYST1WM8",false
"LAYSBKNK5",false
"LAYS1X370",false
"LAYSCJC1Y",false
"LAYSIV92E",false
"LAYSBFJ0L",false
"LAYS0M6WR",false
"LAYSJB31A",false
"LAYSTITZO",false
"LAYSKAC3K",false
"LAYSXO0PS",false
"LAYS2J39R",false
"LAYSVCETU",false
"LAYSKA3NT",false
"LAYSJP005",false
"LAYSLDTDA",false
"LAYSP0KB3",false
"LAYSX5VSV",false
"LAYSJDHG9",false
"LAYSMTOQQ",false
"LAYS69JKO",false
"LAYSNROWQ",false
"LAYSFL98P",false
"LAYSVJ0UZ",false
"LAYSPJ9VX",false
"LAYSJY3SE",false
"LAYSZQYQ6",false
"LAYS8S2Z6",false
"LAYS83KHI",false
"LAYS8HTRY",false
"LAYS3H6DS",false
"LAYSLSNS4",false
"LAYSPMMSU",false
"LAYSPIGLQ",false
"LAYS0X4AO",false
"LAYSH95G3",false
"LAYS3XTRS",false
"LAYSEQ1M5",false
"LAYSTKLH1",false
"LAYSDF1R4",false
"LAYSBHELA",false
"LAYS2DQJF",false
"LAYSL6E4A",false
"LAYSOOZ6F",false
"LAYSY7N0Y",false
"LAYSGYWXA",false
"LAYSZCHNT",false
"LAYSVO7F0",false
"LAYSSZ9FQ",false
"LAYSZAXPJ",false
"LAYSBQ886",false
"LAYSIRFPN",false
"LAYSQQ1B1",false
"LAYS3OOGB",false
"LAYSOOSQG",false
"LAYSQ0O9L",false
"LAYSGPW2S",false
"LAYSV6LX9",false
"LAYSCW3W0",false
"LAYSYF0WF",false
"LAYSVPV0D",false
"LAYS6SWTI",false
"LAYS9SQ8N",false
"LAYS2XIHN",false
"LAYSUT0OS",false
"LAYS9IWD9",false
"LAYSNGAFE",false
"LAYSC4ZFC",false
"LAYS2OGV9",false
"LAYS0VGG5",false
"LAYSXDREC",false
"LAYS471CZ",false
"LAYSLMJQL",false
"LAYSSGQPF",false
"LAYS71O8P",false
"LAYSE1YJP",false
"LAYSQYOEB",false
"LAYSNCX2K",false
"LAYSM4CZ3",false
"LAYSBWU51",false
"LAYS2E2MC",false
"LAYS68PHT",false
"LAYS131AM",false
"LAYSI0CZQ",false
"LAYSZ4RUU",false
"LAYSAZ4TO",false
"LAYS38NTH",false
"LAYSLRWY8",false
"LAYSFWC7E",false
"LAYSU7VI6",false
"LAYSIQ41C",false
"LAYSRK1H2",false
"LAYS4P0PK",false
"LAYSGXMDV",false
"LAYSP4I1A",false
"LAYS047Z9",false
"LAYS6X1AI",false
"LAYS0MFJ7",false
"LAYSGBOZG",false
"LAYSKW3IS",false
"LAYSDG7VQ",false
"LAYS4QP5O",false
"LAYS4ZVAA",false
"LAYS6DU3E",false
"LAYSG0KMU",false
"LAYSAVM8A",false
"LAYSKVA6B",false
"LAYS2135Y",false
"LAYSOR0YJ",false
"LAYS9N967",false
"LAYS6GTZW",false
"LAYSQ74E2",false
"LAYSE44MR",false
"LAYSQJRMX",false
"LAYSS0Z2U",false
"LAYSM7OK6",false
"LAYS3UAH8",false
"LAYS8UOJT",false
"LAYSINEDV",false
"LAYSKJLRR",false
"LAYS4SCBY",false
"LAYSAK3T2",false
"LAYS7AD6T",false
"LAYSQ6YD3",false
"LAYSULF7D",false
"LAYSO92P0",false
"LAYSNJT2R",false
"LAYS1GHEN",false
"LAYSNYHV0",false
"LAYSRGVXT",false
"LAYSHE6WX",false
"LAYS2I7MP",false
"LAYSJXE2G",false
"LAYSJUZ42",false
"LAYSGUYPX",false
"LAYSWX05K",false
"LAYS23I6Z",false
"LAYSK80P4",false
"LAYSKXW2A",false
"LAYSS7A28",false
"LAYS13WD4",false
"LAYSSUCHW",false
"LAYSOH0R0",false
"LAYSHQ5O7",false
"LAYSZEWQO",false
"LAYSDUXPP",false
"LAYSM3AKE",false
"LAYSOQE5T",false
"LAYSD6QS2",false
"LAYS4OK8M",false
"LAYS9RAS3",false
"LAYS4BVDV",false
"LAYSJKBDT",false
"LAYSTTQEC",false
"LAYSTG5ST",false
"LAYS5398G",false
"LAYSU8LWX",false
"LAYSHW2N1",false
"LAYSYEU4X",false
"LAYS7XGFS",false
"LAYSU5VDX",false
"LAYSFVFJM",false
"LAYS1P8MD",false
"LAYSJYA71",false
"LAYSM2JKB",false
"LAYSMNTU3",false
"LAYS2TVU1",false
"LAYS7NHAT",false
"LAYSIC0QE",false
"LAYSC5L5S",false
"LAYS8C518",false
"LAYSI6AEX",false
"LAYSGER65",false
"LAYSL8HQJ",false
"LAYSW6H4Y",false
"LAYSCZIIU",false
"LAYSEJD9P",false
"LAYSOZYRL",false
"LAYSE5CCJ",false
"LAYSO3J0W",false
"LAYSVHF69",false
"LAYSESK6V",false
"LAYSETO2V",false
"LAYSTWSXT",false
"LAYSZ2KTD",false
"LAYSRU9NG",false
"LAYS1QDQN",false
"LAYS4GDPO",false
"LAYS0W8RT",false
"LAYS4F46M",false
"LAYSS376N",false
"LAYS54MHJ",false
"LAYSSSFX1",false
"LAYSCRMFV",false
"LAYSA8OOR",false
"LAYSSC9S0",false
"LAYSMQF3M",false
"LAYSJD481",false
"LAYSLYPHM",false
"LAYSAVLVP",false
"LAYS7B659",false
"LAYSOZ271",false
"LAYS8P1GH",false
"LAYSJUA97",false
"LAYSL6FMQ",false
"LAYSL6IVE",false
"LAYSSYV5T",false
"LAYS9TSDN",false
"LAYSM6I28",false
"LAYSEJMCW",false
"LAYSBSQ30",false
"LAYSA9AM0",false
"LAYS7K3PI",false
"LAYS6GE7W",false
"LAYS50933",false
"LAYSHTFE5",false
"LAYSQJS3O",false
"LAYSYM5GV",false
"LAYSGGO4L",false
"LAYSHR66V",false
"LAYSOC1C5",false
"LAYSSWZ2G",false
"LAYSKNSBA",false
"LAYSOPC35",false
"LAYS3ODWY",false
"LAYSULC5F",false
"LAYSULQQT",false
"LAYSF8U9V",false
"LAYS79C1O",false
"LAYSKQ9MV",false
"LAYSZTODZ",false
"LAYSI2BFL",false
"LAYSSXP2T",false
"LAYSUCQMG",false
"LAYSF81L5",false
"LAYSI9JFE",false
"LAYSSXQ57",false
"LAYSH3Q1C",false
"LAYSCI87Y",false
"LAYSKXMGM",false
"LAYSSDK8O",false
"LAYSUD6US",false
"LAYSYIYMY",false
"LAYSVJPVU",false
"LAYST6ORJ",false
"LAYS230IA",false
"LAYS951WG",false
"LAYSTL5Z6",false
"LAYSU5WAV",false
"LAYSEGV8R",false
"LAYSJZTVW",false
"LAYSS0GRZ",false
"LAYSJLSL5",false
"LAYSC2D0X",false
"LAYSV3KVA",false
"LAYSA4BQ1",false
"LAYS46T8K",false
"LAYSL8FJE",false
"LAYSIRVGU",false
"LAYSRGP2O",false
"LAYSWF6MN",false
"LAYSBQXWD",false
"LAYS1N96Y",false
"LAYSRAR9O",false
"LAYSVCLGK",false
"LAYSV8TOZ",false
"LAYS2DYXP",false
"LAYS7K674",false
"LAYSKJWWC",false
"LAYSASKEA",false
"LAYSWW1XY",false
"LAYSKKC4C",false
"LAYSSFJJF",false
"LAYS4IVDA",false
"LAYSH8946",false
"LAYSRPWNF",false
"LAYSC1QIM",false
"LAYS4MV10",false
"LAYSRE8MM",false
"LAYSC01RV",false
"LAYS6WOOR",false
"LAYSXDRCV",false
"LAYSR632M",false
"LAYSAH42B",false
"LAYS8SUFV",false
"LAYSMI0PM",false
"LAYS4ZM8V",false
"LAYS1AUTN",false
"LAYSI1Y4P",false
"LAYSCIQ9P",false
"LAYSULST2",false
"LAYSQK4XI",false
"LAYS5NP9I",false
"LAYSW7MFW",false
"LAYSK8BWU",false
"LAYS3NBO1",false
"LAYSC8IH5",false
"LAYS7WAE7",false
"LAYS22RLX",false
"LAYS9KHSD",false
"LAYS3KM34",false
"LAYSYH52V",false
"LAYST67NH",false
"LAYSMD2HF",false
"LAYSEBXDN",false
"LAYS7Q0GC",false
"LAYSJ6AJM",false
"LAYS67UQH",false
"LAYS1CZ8X",false
"LAYSOHEEW",false
"LAYST53U5",false
"LAYSBS4MD",false
"LAYS2DP44",false
"LAYSXLQ60",false
"LAYS2AYX3",false
"LAYS4VN0I",false
"LAYS0SF72",false
"LAYS5GHDD",false
"LAYSNOONE",false
"LAYSOQGVE",false
"LAYS8ZVPC",false
"LAYSFH1GH",false
"LAYSM31CT",false
"LAYSHO67I",false
"LAYSVM4I9",false
"LAYS0UND5",false
"LAYSD7FCY",false
"LAYSQ26PK",false
"LAYSBF87V",false
"LAYSU7ZCD",false
"LAYSW91MG",false
"LAYS0YFU5",false
"LAYSV73MY",false
"LAYSBSYGR",false
"LAYSB7WC0",false
"LAYS5GZM3",false
"LAYSYRRME",false
"LAYSOH612",false
"LAYSTA158",false
"LAYSSTN9W",false
"LAYS85B45",false
"LAYSHCVBV",false
"LAYSE8PF1",false
"LAYS874LY",false
"LAYSQHCJD",false
"LAYSMYVOS",false
"LAYSIJWQQ",false
"LAYSKHNOL",false
"LAYS2VHLQ",false
"LAYS0K4V9",false
"LAYS7JGOA",false
"LAYSX5J2K",false
"LAYSCNHVP",false
"LAYSX64QM",false
"LAYSIFT6A",false
"LAYSA46BM",false
"LAYSKQW59",false
"LAYS0D6XB",false
"LAYS7TUKA",false
"LAYS825H0",false
"LAYSS60RP",false
"LAYSUWOEB",false
"LAYS110RA",false
"LAYSASQB0",false
"LAYSA9U7C",false
"LAYSX0HF6",false
"LAYSSYWDI",false
"LAYSKH9E8",false
"LAYSATSF6",false
"LAYSRIJJC",false
"LAYSI9W37",false
"LAYS419W7",false
"LAYS6M7HF",false
"LAYSUPDDZ",false
"LAYSL0XUV",false
"LAYSR8VMH",false
"LAYSW2UDI",false
"LAYS3UY8F",false
"LAYSSSTNZ",false
"LAYS17BUY",false
"LAYSPWVVF",false
"LAYSUM5I0",false
"LAYSIZUAW",false
"LAYSSDUR1",false
"LAYSZVKZ8",false
"LAYSWMNC8",false
"LAYSP9RPC",false
"LAYSIH56R",false
"LAYSKQHUF",false
"LAYS5113Z",false
"LAYSFT6F3",false
"LAYS5VK5A",false
"LAYSKMKDV",false
"LAYSGN9N3",false
"LAYSWEBD3",false
"LAYSLJ3KF",false
"LAYSP5T0I",false
"LAYSXTZQV",false
"LAYS58QTA",false
"LAYSRQGY2",false
"LAYSX1N57",false
"LAYSLCMTD",false
"LAYSNUFVU",false
"LAYSCE8NP",false
"LAYS2LDNR",false
"LAYSZ2632",false
"LAYS372C0",false
"LAYSTGX0Q",false
"LAYS2GY4X",false
"LAYSUJJV5",false
"LAYSFOB5F",false
"LAYSCENUI",false
"LAYS6E9JN",false
"LAYS1FMZ9",false
"LAYST46IO",false
"LAYSHTQ75",false
"LAYSUU51Q",false
"LAYSSQTN2",false
"LAYSPPDML",false
"LAYSVUVWL",false
"LAYSX5E8E",false
"LAYS397C7",false
"LAYSVBIBK",false
"LAYSEVHZ8",false
"LAYSL2FMD",false
"LAYSD5GMH",false
"LAYSW7SD4",false
"LAYS80IRG",false
"LAYSH5GS3",false
"LAYSKQ1TH",false
"LAYS0H4A0",false
"LAYSMK780",false
"LAYSIR7OB",false
"LAYSEQHB5",false
"LAYS0AOAL",false
"LAYS85XX1",false
"LAYS42J0I",false
"LAYSI8OQB",false
"LAYSK76YQ",false
"LAYSXKQR4",false
"LAYSC3VQL",false
"LAYSCYIUV",false
"LAYS6JF38",false
"LAYSRVTOM",false
"LAYSJL9HV",false
"LAYS56XVH",false
"LAYS70H3W",false
"LAYS3D9IC",false
"LAYSRMRX4",false
"LAYSP1I8Y",false
"LAYSA3DHY",false
"LAYSWSF52",false
"LAYSZULLB",false
"LAYS7XX1J",false
"LAYSB9LZC",false
"LAYSNORPY",false
"LAYSDCD7A",false
"LAYS15Z1U",false
"LAYSJ5BF1",false
"LAYS47I70",false
"LAYSXAW2T",false
"LAYS4ACNJ",false
"LAYS4X4JK",false
"LAYSVSDPY",false
"LAYS15YK5",false
"LAYSSH1ON",false
"LAYS999CA",false
"LAYS268XB",false
"LAYSWHLAB",false
"LAYSZRHOJ",false
"LAYSIAL7K",false
"LAYSXL9BO",false
"LAYSNJYSN",false
"LAYSP1W9J",false
"LAYS8YXKW",false
"LAYSUQQZJ",false
"LAYS4GD1O",false
"LAYSVVH5P",false
"LAYSZUAOO",false
"LAYSLG1OL",false
"LAYSHP83B",false
"LAYSEET2W",false
"LAYS8RHO8",false
"LAYSOY99H",false
"LAYSNK8AK",false
"LAYSODO2B",false
"LAYSM1Q5E",false
"LAYS6JG2C",false
"LAYSB08JW",false
"LAYS3HKVV",false
"LAYSDP8CW",false
"LAYSF4I8R",false
"LAYS2OOW3",false
"LAYS6A2BN",false
"LAYSK9Q1K",false
"LAYSZ8FHU",false
"LAYSZFZ76",false
"LAYSA65AR",false
"LAYSABHYJ",false
"LAYS755ZQ",false
"LAYSSLALK",false
"LAYSRSJD9",false
"LAYSSQ3CP",false
"LAYSSOVIE",false
"LAYSP0I0M",false
"LAYS7XRRW",false
"LAYSX19WL",false
"LAYSJVGPM",false
"LAYS5HTD0",false
"LAYSFICWU",false
"LAYSCDGCD",false
"LAYS87NQT",false
"LAYS2XL1Z",false
"LAYSJEJWC",false
"LAYSHGFOR",false
"LAYS47KYA",false
"LAYS39P41",false
"LAYSOMXHS",false
"LAYSN12HX",false
"LAYS60343",false
"LAYS0Q3JD",false
"LAYSEKI7X",false
"LAYSAFQZ8",false
"LAYS7E0CG",false
"LAYSRVBBV",false
"LAYS91M5H",false
"LAYSFKZN7",false
"LAYSMR6ID",false
"LAYS9EF1U",false
"LAYSCGEQY",false
"LAYSYJEY4",false
"LAYS1WT6H",false
"LAYS3A4I6",false
"LAYSQDRPS",false
"LAYS4CNA9",false
"LAYSIRL8L",false
"LAYS9D7V5",false
"LAYSIOKZK",false
"LAYS0UN6L",false
"LAYS10GD9",false
"LAYSF3UU1",false
"LAYS56QU0",false
"LAYSLW7PA",false
"LAYSV0WOV",false
"LAYS42K8A",false
"LAYSXFMZ7",false
"LAYSYTI1C",false
"LAYSYBYU1",false
"LAYS4CE91",false
"LAYSE13EJ",false
"LAYS7R0G0",false
"LAYS9N1R1",false
"LAYSOGMWJ",false
"LAYSXAHJ5",false
"LAYSE3E5C",false
"LAYS5AC83",false
"LAYS8T7ST",false
"LAYSG5WAA",false
"LAYSX4MAD",false
"LAYSVK6PN",false
"LAYSBI2IY",false
"LAYS7K03Z",false
"LAYSURML0",false
"LAYSZOHRV",false
"LAYSCA1LC",false
"LAYSQMB3G",false
"LAYS03CW6",false
"LAYSZ05CY",false
"LAYSMAY8L",false
"LAYSW6WYB",false
"LAYS45UB3",false
"LAYSNO1ZH",false
"LAYSGBPK5",false
"LAYS75C2F",false
"LAYSFEWA6",false
"LAYSUSH0L",false
"LAYSVJAKE",false
"LAYSKKSY0",false
"LAYSGXJFT",false
"LAYSRG9F9",false
"LAYSWPVK3",false
"LAYSNO1UV",false
"LAYSTF1UM",false
"LAYS7XW92",false
"LAYSJJSE6",false
"LAYS1XPW3",false
"LAYSQQOKU",false
"LAYSU2Y1H",false
"LAYSC3XG9",false
"LAYSFXHDK",false
"LAYSGX7QY",false
"LAYSGOW9A",false
"LAYSQLYL7",false
"LAYSNR23W",false
"LAYSAJL1U",false
"LAYSVSIXI",false
"LAYSRZLSK",false
"LAYSBOSJY",false
"LAYSFR421",false
"LAYS59U2V",false
"LAYSWRN8W",false
"LAYS6B303",false
"LAYSDGDWB",false
"LAYSGQ7MO",false
"LAYSOCMKY",false
"LAYSOIP7B",false
"LAYS2SJ1I",false
"LAYSI1PNX",false
"LAYSHMB1P",false
"LAYSLY2GS",false
"LAYSSBCBT",false
"LAYSW0LL5",false
"LAYSNCR7U",false
"LAYSIJW5Z",false
"LAYS5WXGA",false
"LAYSP74RD",false
"LAYSDVVT2",false
"LAYSJZDCX",false
"LAYSKV66B",false
"LAYS5E1XR",false
"LAYSSVY5H",false
"LAYSMRI4Q",false
"LAYSVM4BG",false
"LAYSBONYG",false
"LAYS267WT",false
"LAYSDSE7J",false
"LAYS0T0KO",false
"LAYSX3N5H",false
"LAYSN41YP",false
"LAYSY2FH6",false
"LAYS0YFUM",false
"LAYS0R9DQ",false
"LAYS37YT3",false
"LAYSTQDHC",false
"LAYS6V3JB",false
"LAYSZYFA6",false
"LAYSFZAKY",false
"LAYSNILJU",false
"LAYSM9FP1",false
"LAYSUD3PG",false
"LAYSL4Q9X",false
"LAYSMIDSJ",false
"LAYSJQK4Q",false
"LAYSHM2K0",false
"LAYS0YPM0",false
"LAYS44IR4",false
"LAYSJQIRH",false
"LAYSDEZQ8",false
"LAYS5LR8C",false
"LAYSPXQPF",false
"LAYSO29UV",false
"LAYS1B7MP",false
"LAYSLTLBH",false
"LAYSC6XES",false
"LAYSXPJ8I",false
"LAYS054OF",false
"LAYS7R3RN",false
"LAYSE99N7",false
"LAYSLDOKY",false
"LAYSVRBXI",false
"LAYSY238F",false
"LAYS2L5ZY",false
"LAYSI6RI5",false
"LAYSEIUJV",false
"LAYS9L4LS",false
"LAYSYYJI3",false
"LAYS7YET1",false
"LAYSRKB2L",false
"LAYSO15QB",false
"LAYSXH0LW",false
"LAYS29JNB",false
"LAYSASYGC",false
"LAYSML8UB",false
"LAYSIVCP5",false
"LAYSQFHTV",false
"LAYSR8919",false
"LAYSUSPK1",false
"LAYSBJGUH",false
"LAYSGFGTD",false
"LAYS8E27X",false
"LAYS5BKCO",false
"LAYS563T6",false
"LAYS4YKY5",false
"LAYSNHVYW",false
"LAYS78GUZ",false
"LAYSOG3YX",false
"LAYSXURRL",false
"LAYSA6X00",false
"LAYSDUZQH",false
"LAYSOT77Y",false
"LAYSTUEGD",false
"LAYS6CGHC",false
"LAYSQ4SF3",false
"LAYSB6UEP",false
"LAYSIPUN0",false
"LAYSUEGDQ",false
"LAYS5RYBW",false
"LAYSAEGMT",false
"LAYS4CKHC",false
"LAYSLAYQ6",false
"LAYSFQ7QL",false
"LAYS0BN81",false
"LAYS8N4JJ",false
"LAYS605L1",false
"LAYSF8XIU",false
"LAYSPSL07",false
"LAYS4V74P",false
"LAYS3IORS",false
"LAYS8PSQK",false
"LAYSEDGGB",false
"LAYSM7YU6",false
"LAYSHR8LE",false
"LAYS0LNBF",false
"LAYS2XGNB",false
"LAYSN15TF",false
"LAYSAS63Y",false
"LAYSIEGBN",false
"LAYSYST3H",false
"LAYSRYSRC",false
"LAYSO6GA5",false
"LAYSR1NCI",false
"LAYSDU9HQ",false
"LAYST3V70",false
"LAYSKXHQB",false
"LAYS0RJCY",false
"LAYSU98VN",false
"LAYS0AVFS",false
"LAYSIMPP8",false
"LAYSZIGU6",false
"LAYS42N41",false
"LAYSYKYCU",false
"LAYSZTAOD",false
"LAYS8MGA6",false
"LAYS0OHV4",false
"LAYSFU77J",false
"LAYSNB9GL",false
"LAYS1N3YW",false
"LAYSKFEVL",false
"LAYSABMD4",false
"LAYS9AR9N",false
"LAYSKXQB2",false
"LAYS9JE16",false
"LAYS3QMCW",false
"LAYSGKQUG",false
"LAYSASZ08",false
"LAYS0Q5DP",false
"LAYSSNBVV",false
"LAYSL0NQH",false
"LAYS3UVDP",false
"LAYSHKGKH",false
"LAYSDGGKR",false
"LAYSF6QBV",false
"LAYS2KYCV",false
"LAYSS2WGQ",false
"LAYS7L7P0",false
"LAYS0CC98",false
"LAYSHA2BQ",false
"LAYSRSDV3",false
"LAYSIIL2Y",false
"LAYSCZQTM",false
"LAYSEWBEM",false
"LAYS7BRMQ",false
"LAYSFYNKK",false
"LAYSOMW11",false
"LAYS2V26Q",false
"LAYSN0Z1Q",false
"LAYSDR5GG",false
"LAYSWDUTK",false
"LAYSDQ25L",false
"LAYSE6TC1",false
"LAYSSPT8F",false
"LAYSLXLBB",false
"LAYSO4MLC",false
"LAYSABMD4",false
"LAYSSNBVV",false
"LAYSPFXUM",false
"LAYS4FAFE",false
"LAYSH1QKN",false
"LAYS6TIBT",false
"LAYS3BKS6",false
"LAYS1QS62",false
"LAYSAMGBX",false
"LAYSI05IU",false
"LAYSS157L",false
"LAYSG2I31",false
"LAYSHB4S2",false
"LAYS2BPRB",false
"LAYS3PSO7",false
"LAYSTAZJK",false
"LAYSJP8S9",false
"LAYSV09WE",false
"LAYSIW394",false
"LAYSTE6YX",false
"LAYSO5HXD",false
"LAYST0VNB",false
"LAYSPLQ3C",false
"LAYSF068T",false
"LAYS7XAF4",false
"LAYSDU0BH",false
"LAYS3QBGF",false
"LAYSTMZ59",false
"LAYSEARIT",false
"LAYSSDUMJ",false
"LAYSEJ0KS",false
"LAYSNQGWH",false
"LAYSZ2NRC",false
"LAYSEQGHV",false
"LAYS5EA7U",false
"LAYSU33WZ",false
"LAYSJNJJO",false
"LAYS63086",false
"LAYS8ATY2",false
"LAYSHRVPP",false
"LAYSUBE4K",false
"LAYSLS5BR",false
"LAYS43SQJ",false
"LAYSU3W10",false
"LAYSLDRFK",false
"LAYSC9XCC",false
"LAYSC5CJG",false
"LAYSNIOAH",false
"LAYSH7MHE",false
"LAYSOX1SK",false
"LAYSTOICR",false
"LAYS1651V",false
"LAYSFL3RH",false
"LAYSKTT1S",false
"LAYSH52FK",false
"LAYS0GMNO",false
"LAYSJHM6B",false
"LAYS30Z9A",false
"LAYSEUXNQ",false
"LAYSVDS7M",false
"LAYS4ZI6V",false
"LAYSUTOBW",false
"LAYS4PSVZ",false
"LAYSYGFF5",false
"LAYS3BEHQ",false
"LAYSNJW9K",false
"LAYSAN5WW",false
"LAYSYCKM6",false
"LAYS1YM0I",false
"LAYSEVPN3",false
"LAYSHLF9W",false
"LAYSFBCE3",false
"LAYSPQ5W2",false
"LAYS21OVR",false
"LAYSNJC2S",false
"LAYSGG4I1",false
"LAYSDZ6EJ",false
"LAYSIIBW2",false
"LAYS1XVUT",false
"LAYS84D7X",false
"LAYSAQI89",false
"LAYSN4BI9",false
"LAYS3AJHZ",false
"LAYSM2OZK",false
"LAYSCU3D4",false
"LAYSQL5G4",false
"LAYS7TSM7",false
"LAYSTQFPO",false
"LAYSN6038",false
"LAYS3CM0H",false
"LAYSD9J5E",false
"LAYSU395Q",false
"LAYSQMZUX",false
"LAYSZB078",false
"LAYS3HJYF",false
"LAYSJHYH8",false
"LAYS7OSJV",false
"LAYS0OVXN",false
"LAYSIUTD5",false
"LAYS4F45M",false
"LAYSHCSB7",false
"LAYS8B4V0",false
"LAYS0MZUZ",false
"LAYSC25IB",false
"LAYSDX3NZ",false
"LAYS74YC8",false
"LAYSA1AZZ",false
"LAYSSNIAE",false
"LAYSAV792",false
"LAYS0E9LT",false
"LAYSBENBE",false
"LAYS96TUI",false
"LAYSSI368",false
"LAYSRFCA1",false
"LAYSC6P39",false
"LAYSRY7IU",false
"LAYSG1R7G",false
"LAYSD6UE5",false
"LAYSLRUCB",false
"LAYSHVVPL",false
"LAYSLIN57",false
"LAYS98B6W",false
"LAYS48K9X",false
"LAYSF4EQW",false
"LAYS1ST15",false
"LAYS8E6D3",false
"LAYSPB68X",false
"LAYSCYDNU",false
"LAYSWO5R7",false
"LAYSL9A6A",false
"LAYSJEUZM",false
"LAYSJ7XEZ",false
"LAYSCMHVX",false
"LAYS6O422",false
"LAYS64PYJ",false
"LAYSA20PX",false
"LAYSPFDBZ",false
"LAYSV9LMU",false
"LAYSVTTPY",false
"LAYSQ54I7",false
"LAYSDR4U9",false
"LAYS7CEMR",false
"LAYSO8BI8",false
"LAYS9XBQJ",false
"LAYS57SYS",false
"LAYSVM4OQ",false
"LAYSHQPF2",false
"LAYSJF90O",false
"LAYSMATSE",false
"LAYSSQCP3",false
"LAYS4CK52",false
"LAYSMY0FL",false
"LAYSWYEM5",false
"LAYS939MD",false
"LAYS9FSUH",false
"LAYS45XYB",false
"LAYSR2RZL",false
"LAYS6CX4A",false
"LAYS8W9CY",false
"LAYSJPSDK",false
"LAYSDH5KZ",false
"LAYSJ8U0Y",false
"LAYS1886R",false
"LAYSPXAZA",false
"LAYSIAK7G",false
"LAYSAZF0I",false
"LAYSK6IAW",false
"LAYSXX2S5",false
"LAYSU5C7Z",false
"LAYSP1JA6",false
"LAYSE1CCG",false
"LAYS3PD99",false
"LAYSVQMZY",false
"LAYSXHU8O",false
"LAYSAEVF7",false
"LAYS5GRJA",false
"LAYSQHQN4",false
"LAYS6SMU0",false
"LAYSCA1ML",false
"LAYSTKBRO",false
"LAYSV1YUT",false
"LAYS88I9I",false
"LAYS1U4PQ",false
"LAYSUTTR1",false
"LAYSTO7XX",false
"LAYSGCF0A",false
"LAYSBQ559",false
"LAYSTL693",false
"LAYSRQWI6",false
"LAYSTNJUE",false
"LAYSRCO2J",false
"LAYS2LFZP",false
"LAYSS1WJJ",false
"LAYSHOX9W",false
"LAYS78C96",false
"LAYSI1FMA",false
"LAYSP7QMV",false
"LAYSLRQS0",false
"LAYSNY26D",false
"LAYSMMB99",false
"LAYSCONWY",false
"LAYSEEX63",false
"LAYSXN5UO",false
"LAYS6AGQK",false
"LAYSIFK8G",false
"LAYS3G85R",false
"LAYSMQ44Q",false
"LAYSK0K8D",false
"LAYS63PW5",false
"LAYSXQACQ",false
"LAYSUH3XQ",false
"LAYSQBEH1",false
"LAYSCNKLO",false
"LAYSLTLHD",false
"LAYS932F6",false
"LAYSNJU13",false
"LAYSQGGEV",false
"LAYSJKEJI",false
"LAYSWCHGG",false
"LAYSYA69R",false
"LAYS6MFU8",false
"LAYSQHLSB",false
"LAYSE5VJJ",false
"LAYSZSB1Y",false
"LAYSFD6AC",false
"LAYSCCPIF",false
"LAYSLUUER",false
"LAYS6PPJV",false
"LAYSMYA12",false
"LAYS1GDZ9",false
"LAYSAUAVC",false
"LAYSN1TJ4",false
"LAYSSKKRW",false
"LAYSBCO98",false
"LAYSKLXIE",false
"LAYSFWTJ8",false
"LAYSXQQ7O",false
"LAYSO78OZ",false
"LAYSK01E2",false
"LAYSP6PN8",false
"LAYSZFBYS",false
"LAYSVBR2O",false
"LAYSEIMQI",false
"LAYS0LXS1",false
"LAYS2DMIM",false
"LAYS4YNXK",false
"LAYSZ3GIS",false
"LAYSMACVN",false
"LAYSI4GB2",false
"LAYSXNLU2",false
"LAYSXL444",false
"LAYS0T9MQ",false
"LAYSW9AS9",false
"LAYS2CSND",false
"LAYSHJF40",false
"LAYSV7WBG",false
"LAYS6H6UZ",false
"LAYSNB8LK",false
"LAYSZGM5H",false
"LAYSFKYU7",false
"LAYSR5IAW",false
"LAYS253M4",false
"LAYS4PPTR",false
"LAYSSI4K7",false
"LAYSG4KO9",false
"LAYS4ET49",false
"LAYSM91Y4",false
"LAYSK4G96",false
"LAYSCHBNH",false
"LAYSKQT7P",false
"LAYSMB4EJ",false
"LAYSMYJ3Z",false
"LAYSQ8F4F",false
"LAYSIPDOZ",false
"LAYSLJ9HR",false
"LAYS40GK5",false
"LAYS7967V",false
"LAYSB9Q91",false
"LAYSSCC9I",false
"LAYS3PLRG",false
"LAYSUGVR3",false
"LAYS81JL4",false
"LAYSOIXOK",false
"LAYS7KY05",false
"LAYSKIMCA",false
"LAYSZW7OH",false
"LAYS1Z1MN",false
"LAYS0ZN58",false
"LAYSLST9E",false
"LAYSRY4DZ",false
"LAYSQL0QT",false
"LAYSEQZZE",false
"LAYS7GMDN",false
"LAYSGKELE",false
"LAYSP24U7",false
"LAYS3AZVW",false
"LAYSV2MF0",false
"LAYSRFY8U",false
"LAYSJ8ADX",false
"LAYSDTQN5",false
"LAYSZA8E7",false
"LAYS3MA9K",false
"LAYSRBXU2",false
"LAYS4YOX3",false
"LAYSR386K",false
"LAYSHBE64",false
"LAYSYRAUJ",false
"LAYSTXRX3",false
"LAYSQWGTL",false
"LAYSHJ0PA",false
"LAYSYAH97",false
"LAYS05VSB",false
"LAYS3LXSE",false
"LAYSJC0QX",false
"LAYSKU0FT",false
"LAYS2VSLD",false
"LAYSZ114H",false
"LAYSXCLOV",false
"LAYSK1EKF",false
"LAYS7D820",false
"LAYS22EAJ",false
"LAYSO7XA4",false
"LAYSHLLYK",false
"LAYS2GZJ0",false
"LAYSGYHUH",false
"LAYSLJOTH",false
"LAYSSBM9K",false
"LAYS4BFSY",false
"LAYSAAGXL",false
"LAYSVWPIV",false
"LAYS798OE",false
"LAYSKTACW",false
"LAYSJ53JH",false
"LAYS3AMY0",false
"LAYS651FY",false
"LAYS1EKNQ",false
"LAYS9VWMZ",false
"LAYS9BECL",false
"LAYS7UXDI",false
"LAYSIITHH",false
"LAYSOT30G",false
"LAYS0X6YV",false
"LAYS3JP8F",false
"LAYSMAHP4",false
"LAYSXZ6HA",false
"LAYSV4Z3E",false
"LAYSPXTHY",false
"LAYSY0EQI",false
"LAYS84ORC",false
"LAYSNWQU0",false
"LAYS69JQ0",false
"LAYSSMSYO",false
"LAYS46OA0",false
"LAYS2RUHQ",false
"LAYS6QIKC",false
"LAYSN6BWT",false
"LAYSII9UP",false
"LAYS2UTNJ",false
"LAYSVI6VV",false
"LAYSPHKA2",false
"LAYSJZG5S",false
"LAYSS8ISR",false
"LAYS6FNY4",false
"LAYSR7423",false
"LAYS1BEKI",false
"LAYSJ5STB",false
"LAYS6QUEK",false
"LAYSJJKJE",false
"LAYSASMEL",false
"LAYSTIBX1",false
"LAYSW09JK",false
"LAYSYFRK5",false
"LAYSTH652",false
"LAYSBA1UZ",false
"LAYS2GNGO",false
"LAYSCZSLU",false
"LAYS9Z5G9",false
"LAYSLFSL7",false
"LAYS7OWHS",false
"LAYSC1GJV",false
"LAYSL8ND0",false
"LAYSHJSKD",false
"LAYSZX2UU",false
"LAYSCTMT9",false
"LAYSDO3J6",false
"LAYSF39RJ",false
"LAYSQQBTI",false
"LAYSINNVZ",false
"LAYS6K7AI",false
"LAYSBOLQ7",false
"LAYSQR3ZF",false
"LAYSKO1WQ",false
"LAYS42RR9",false
"LAYS0BPUX",false
"LAYSA1HD4",false
"LAYS3B5CE",false
"LAYSN8UCK",false
"LAYSI68DA",false
"LAYS61HM8",false
"LAYSQJBNZ",false
"LAYS6Z6IN",false
"LAYSA8SB3",false
"LAYS697NX",false
"LAYSOEVC2",false
"LAYS8FX2I",false
"LAYSGL1E3",false
"LAYS88O0H",false
"LAYS3F9W5",false
"LAYSPF2TC",false
"LAYSGLYTB",false
"LAYSXZL47",false
"LAYSQBPH8",false
"LAYSN2LTP",false
"LAYSZZUM8",false
"LAYSRATOS",false
"LAYSCIPAR",false
"LAYSJWW7Q",false
"LAYS6KFQE",false
"LAYSDOLNH",false
"LAYSPTO45",false
"LAYSZ5QSP",false
"LAYSRS1OL",false
"LAYSQ9YHG",false
"LAYSNJXRL",false
"LAYS3IEGI",false
"LAYSNA4TF",false
"LAYSCKPXL",false
"LAYSZXTPP",false
"LAYS54EB7",false
"LAYSZAL83",false
"LAYSM05BZ",false
"LAYSDJ3LV",false
"LAYSV28X8",false
"LAYSX1K40",false
"LAYSNOH77",false
"LAYSCHALP",false
"LAYS0N5C5",false
"LAYST0DAW",false
"LAYSS6XO4",false
"LAYSU9VB3",false
"LAYSX21N2",false
"LAYS89PLF",false
"LAYSVYB5C",false
"LAYSXHY2D",false
"LAYSBYQZH",false
"LAYSSAHKD",false
"LAYSWSQLN",false
"LAYSE83HX",false
"LAYS0XM8O",false
"LAYSNFI76",false
"LAYSFQSHQ",false
"LAYS8FO77",false
"LAYSVMA7J",false
"LAYSHHJW2",false
"LAYSNB6H6",false
"LAYSK3UDF",false
"LAYSNL831",false
"LAYS9DZPR",false
"LAYST8T0E",false
"LAYSLVVM1",false
"LAYS9OVVZ",false
"LAYS5J8Q5",false
"LAYSJ53KH",false
"LAYSLGYNN",false
"LAYSIZ3M6",false
"LAYSSKG9T",false
"LAYSOAB76",false
"LAYSXYNYV",false
"LAYSHA47L",false
"LAYSUKA9R",false
"LAYSUCX1J",false
"LAYSHCJG4",false
"LAYSGG266",false
"LAYSSMAQ0",false
"LAYSEPSLX",false
"LAYSSLCCI",false
"LAYSCY50B",false
"LAYSQELZN",false
"LAYSNJWIU",false
"LAYSI7A8J",false
"LAYSXBPPJ",false
"LAYS004J2",false
"LAYS89EBZ",false
"LAYSUOUTP",false
"LAYSEYU16",false
"LAYS8XIR2",false
"LAYSKVYFR",false
"LAYSLJD5D",false
"LAYS6C5E7",false
"LAYSTXQRU",false
"LAYSO9U98",false
"LAYS43JW2",false
"LAYSNMHM6",false
"LAYSILX43",false
"LAYS01C4M",false
"LAYS85504",false
"LAYSLNZLY",false
"LAYS9DSBW",false
"LAYSP6UOK",false
"LAYS3W99J",false
"LAYSXSRV6",false
"LAYS1GIYG",false
"LAYS2OSS3",false
"LAYSB4YFT",false
"LAYS9R6EX",false
"LAYSSVUJ3",false
"LAYSA1L0Y",false
"LAYSI322Q",false
"LAYSNMOES",false
"LAYS265HX",false
"LAYSOYXS9",false
"LAYSITLBY",false
"LAYSORGXX",false
"LAYS1VY0P",false
"LAYS8UTH2",false
"LAYS2P0CH",false
"LAYSHLCNY",false
"LAYSL0PX3",false
"LAYSRER4D",false
"LAYSQBW0K",false
"LAYSURDLF",false
"LAYSSW45Q",false
"LAYSCY618",false
"LAYSCVF4E",false
"LAYS4SIAB",false
"LAYSXF5YM",false
"LAYSZJ1FL",false
"LAYSC7FNX",false
"LAYSH0YCB",false
"LAYS7YCFQ",false
"LAYS4H734",false
"LAYST25GL",false
"LAYSEPUQZ",false
"LAYSYC38N",false
"LAYSOBE23",false
"LAYS1D0BC",false
"LAYSD2L11",false
"LAYSMPEJN",false
"LAYS3V4KL",false
"LAYS44ADF",false
"LAYS0BBVK",false
"LAYSYW9QK",false
"LAYSTFIYA",false
"LAYSBSYB6",false
"LAYSXTD9V",false
"LAYSZPED3",false
"LAYS2DFI1",false
"LAYSD8FKU",false
"LAYSLW5WY",false
"LAYSJQ7H1",false
"LAYSMWC20",false
"LAYS7NCB5",false
"LAYS979UU",false
"LAYSJ9GGQ",false
"LAYSDIVWW",false
"LAYS4W4HW",false
"LAYS6S5UL",false
"LAYSP9MNU",false
"LAYSLBPL1",false
"LAYSLLVBD",false
"LAYSSKJK2",false
"LAYSLJGRI",false
"LAYS24LXF",false
"LAYSHLFM1",false
"LAYSRQVTV",false
"LAYS1GY2K",false
"LAYSNE8U3",false
"LAYSLB9UK",false
"LAYSFRHNT",false
"LAYS71573",false
"LAYSNNLG3",false
"LAYSJ3AHX",false
"LAYS034VK",false
"LAYSPI1CA",false
"LAYS4BFGH",false
"LAYSL1FOP",false
"LAYSCTZME",false
"LAYSQL0NR",false
"LAYSYWRO7",false
"LAYS21S6G",false
"LAYSGBLCP",false
"LAYSLY2IT",false
"LAYSAJGE5",false
"LAYSTNUWE",false
"LAYSAIPA6",false
"LAYSSEQNI",false
"LAYS4XCNH",false
"LAYSQNMIC",false
"LAYS98B26",false
"LAYSKPQZZ",false
"LAYSTVE6P",false
"LAYS0SDRO",false
"LAYSJCLT9",false
"LAYSP9O3Z",false
"LAYSFSZHU",false
"LAYSP97HD",false
"LAYSNW8FU",false
"LAYSLVDR1",false
"LAYS02MT2",false
"LAYSS898Z",false
"LAYSTSH7U",false
"LAYSV0X9N",false
"LAYSU2FLB",false
"LAYS88M9O",false
"LAYSY9CR7",false
"LAYSXXA0R",false
"LAYS2EM49",false
"LAYS3L95G",false
"LAYSU10GQ",false
"LAYSZT3Z7",false
"LAYSKI52J",false
"LAYSPITXQ",false
"LAYSABF1V",false
"LAYSO5FBB",false
"LAYS6RHWN",false
"LAYS6YZB0",false
"LAYSOKT8E",false
"LAYSBYPJ9",false
"LAYS73G9D",false
"LAYSMTX2P",false
"LAYSMEA4P",false
"LAYSP3R06",false
"LAYSUYCHW",false
"LAYSXOS89",false
"LAYSPF2ZH",false
"LAYSEWWHI",false
"LAYSGURK2",false
"LAYST4EEV",false
"LAYSB68PR",false
"LAYS4V2KJ",false
"LAYSCABMT",false
"LAYSC1QZY",false
"LAYSHHVNW",false
"LAYSANTIN",false
"LAYSARDSK",false
"LAYSPHD8G",false
"LAYSIJOZI",false
"LAYSHLSD8",false
"LAYSXHM4G",false
"LAYSZ43VY",false
"LAYSUJMS3",false
"LAYS6VAM6",false
"LAYSO8JPR",false
"LAYSN1XDX",false
"LAYSSQBPF",false
"LAYSGPJW0",false
"LAYS5ZDOX",false
"LAYSZF9S3",false
"LAYSW7Q9M",false
"LAYS38PM0",false
"LAYS9FZX6",false
"LAYSOVPAR",false
"LAYS2XG8I",false
"LAYSH5PZL",false
"LAYSNMP7W",false
"LAYSAN6UY",false
"LAYSOYCUW",false
"LAYSG1MSQ",false
"LAYSVD3D0",false
"LAYSSL0PU",false
"LAYSQRXE6",false
"LAYS4YFUE",false
"LAYSGZA4U",false
"LAYS95L63",false
"LAYSDQWVD",false
"LAYSUR5JC",false
"LAYSOUBAI",false
"LAYSUGJEJ",false
"LAYSDEN50",false
"LAYSTLDM4",false
"LAYSQM2YW",false
"LAYSLV67W",false
"LAYS54H20",false
"LAYSFD9JA",false
"LAYS4950P",false
"LAYSNR4FG",false
"LAYS7RN82",false
"LAYS1P74B",false
"LAYSV4A04",false
"LAYS3XTX6",false
"LAYSHJYKJ",false
"LAYSWKK8R",false
"LAYSPL0XN",false
"LAYSGGYZ4",false
"LAYSGFVK3",false
"LAYS2DPFU",false
"LAYSZQVTP",false
"LAYS6G1W4",false
"LAYSGWIGG",false
"LAYSND6OV",false
"LAYSATNFM",false
"LAYSO7Y9B",false
"LAYSGIYQH",false
"LAYSKV7W1",false
"LAYSO60VZ",false
"LAYSVX4CH",false
"LAYSVGMEO",false
"LAYSK3JHZ",false
"LAYS6UZP7",false
"LAYS7SYEF",false
"LAYSAN8RC",false
"LAYSC2RR3",false
"LAYSGDS86",false
"LAYSDAKGW",false
"LAYSO9A27",false
"LAYSNID18",false
"LAYSKPS18",false
"LAYSVS77V",false
"LAYS8RPB5",false
"LAYS0D2WI",false
"LAYSSYZO1",false
"LAYSRHMM0",false
"LAYSKDMC9",false
"LAYS4XNAW",false
"LAYS24MSQ",false
"LAYSP6YK7",false
"LAYSG0NGX",false
"LAYSE2C6I",false
"LAYS6PHF3",false
"LAYSBEDH9",false
"LAYST16CY",false
"LAYS8BJFN",false
"LAYS84TX0",false
"LAYS9QFZC",false
"LAYS341LU",false
"LAYS45YSC",false
"LAYSSKMN3",false
"LAYSYG3GT",false
"LAYSSYPXA",false
"LAYSDLMME",false
"LAYS36DD9",false
"LAYSTI5YE",false
"LAYS4WJD7",false
"LAYS0R81W",false
"LAYS6R9V0",false
"LAYSGOQUM",false
"LAYSEDMBG",false
"LAYSNQ6AT",false
"LAYSRWZ18",false
"LAYS4VVO3",false
"LAYS08I53",false
"LAYSJRJ3E",false
"LAYSZ1T3B",false
"LAYSM7CBN",false
"LAYS34VRI",false
"LAYSO51C3",false
"LAYS1ORQI",false
"LAYSZMNE4",false
"LAYS5C3AO",false
"LAYSGD5A7",false
"LAYSY3JPA",false
"LAYSP1M6Y",false
"LAYSXC2MX",false
"LAYSJ336A",false
"LAYSKK5VJ",false
"LAYSECRIV",false
"LAYSAUNCE",false
"LAYS5SWXY",false
"LAYS73JTB",false
"LAYS4I6KN",false
"LAYS1LRLW",false
"LAYSLYOAQ",false
"LAYS0Z6T2",false
"LAYSN7C65",false
"LAYS5BH9X",false
"LAYS46JK1",false
"LAYS766PJ",false
"LAYS5AY4W",false
"LAYSQHXWQ",false
"LAYS8P1Y8",false
"LAYSBI6VD",false
"LAYSNFGBZ",false
"LAYS5OJUG",false
"LAYSC0DN2",false
"LAYSXAPKY",false
"LAYS0CA5K",false
"LAYSE8I86",false
"LAYSEHOVA",false
"LAYSO4HIJ",false
"LAYSFM699",false
"LAYSNWORY",false
"LAYSYY60W",false
"LAYSQLIJZ",false
"LAYS8X3FY",false
"LAYS5YYH0",false
"LAYSQSORZ",false
"LAYSQIZOI",false
"LAYSX4M34",false
"LAYSQX0KG",false
"LAYSCTT5S",false
"LAYSDUW0V",false
"LAYSYFBSE",false
"LAYS5KW2A",false
"LAYSBIN37",false
"LAYS9RCVG",false
"LAYSQGN4B",false
"LAYSD66HS",false
"LAYS92J27",false
"LAYS5CJOR",false
"LAYS6NNBP",false
"LAYS8DR65",false
"LAYS2U18J",false
"LAYSG15CU",false
"LAYSISRRQ",false
"LAYSELKWT",false
"LAYSRKW5A",false
"LAYS8YW2F",false
"LAYSZMUFY",false
"LAYSMRWV4",false
"LAYS99GJA",false
"LAYS3QTM0",false
"LAYS0CP1C",false
"LAYSX3M5T",false
"LAYSZ15LN",false
"LAYSPBEBN",false
"LAYS8EU18",false
"LAYSAVDLR",false
"LAYSEII30",false
"LAYSTRQAV",false
"LAYSUNIUO",false
"LAYS93VF4",false
"LAYSY3NH8",false
"LAYS8IG22",false
"LAYSQQJO1",false
"LAYS8XIHE",false
"LAYSBM2CQ",false
"LAYSX0U41",false
"LAYS48W73",false
"LAYSLPEFW",false
"LAYS57GND",false
"LAYS2RXYO",false
"LAYSIZHCK",false
"LAYSEAVZ6",false
"LAYSSJ2QK",false
"LAYSZZDDC",false
"LAYSE03TO",false
"LAYS6OR0O",false
"LAYSN62FE",false
"LAYSMZVLE",false
"LAYSBZS1T",false
"LAYS1NUPO",false
"LAYSVP0RK",false
"LAYS6LIKO",false
"LAYS22A8F",false
"LAYSCVGD2",false
"LAYSNSP2G",false
"LAYSWCB68",false
"LAYSC8QEH",false
"LAYSCR51G",false
"LAYSW4HTN",false
"LAYSP40CZ",false
"LAYSS7KZ4",false
"LAYSQMRCR",false
"LAYS4KKQS",false
"LAYSLKS12",false
"LAYSCGDHN",false
"LAYSKQJ1S",false
"LAYSI9L9E",false
"LAYSM3SY7",false
"LAYS43OYJ",false
"LAYS62GU1",false
"LAYSNXJ4D",false
"LAYS7ZXV3",false
"LAYSUYWW4",false
"LAYSWDOX2",false
"LAYSO9R9L",false
"LAYSKE0HI",false
"LAYSJZ94S",false
"LAYSJHI4M",false
"LAYSTAZ0E",false
"LAYSJZIFD",false
"LAYSWX4WU",false
"LAYSSX4S4",false
"LAYSAVQW1",false
"LAYSJD19D",false
"LAYSJ9JVJ",false
"LAYSR5P5M",false
"LAYSOYLJN",false
"LAYS6FLI2",false
"LAYS1YN3T",false
"LAYSOGQP8",false
"LAYSQEB8V",false
"LAYSYW1A5",false
"LAYSTG7JB",false
"LAYSISSW0",false
"LAYS9YJ1C",false
"LAYSAFSR2",false
"LAYSIATZB",false
"LAYSS7A2E",false
"LAYS075F5",false
"LAYSU4Z19",false
"LAYSOJ2IA",false
"LAYSZV3GZ",false
"LAYS2W6WD",false
"LAYSOEXZ6",false
"LAYS8MIZ8",false
"LAYS9R1EP",false
"LAYSZZBXT",false
"LAYSU2J5X",false
"LAYSAT3PF",false
"LAYS16SYD",false
"LAYSOCEUB",false
"LAYSHZ8KR",false
"LAYSDF7HE",false
"LAYSXTI6H",false
"LAYSH3XTR",false
"LAYSNBZQC",false
"LAYSLN4XY",false
"LAYS611VA",false
"LAYS6VP88",false
"LAYSRYOUT",false
"LAYSCIRAH",false
"LAYSELKU8",false
"LAYSNCFXP",false
"LAYSJ5A15",false
"LAYS329AA",false
"LAYSVJUK0",false
"LAYS0SKLI",false
"LAYSTEGNW",false
"LAYS74YTM",false
"LAYSVGNAQ",false
"LAYSXFJ7G",false
"LAYS8SC0A",false
"LAYSWDLGG",false
"LAYSS2S29",false
"LAYSBZUM9",false
"LAYSV714G",false
"LAYSE6HA3",false
"LAYSOXK0O",false
"LAYS866FR",false
"LAYSGEKZW",false
"LAYS67ATX",false
"LAYSIJJJ7",false
"LAYSOS9GL",false
"LAYS99KGN",false
"LAYSX120K",false
"LAYSCC8V2",false
"LAYSADNU2",false
"LAYS0C4O6",false
"LAYSOWIY3",false
"LAYSXXOEQ",false
"LAYS72832",false
"LAYSKYTQV",false
"LAYSMYJXN",false
"LAYSYCEXB",false
"LAYS4IV10",false
"LAYSHU2GF",false
"LAYSX7CGJ",false
"LAYSN6U0A",false
"LAYS6SWA7",false
"LAYS7WWGR",false
"LAYSWEI8M",false
"LAYS98XDT",false
"LAYSB00L2",false
"LAYSVKB5V",false
"LAYSB2779",false
"LAYS3WDUN",false
"LAYSU5CTT",false
"LAYSNBGMM",false
"LAYSM67MM",false
"LAYSQAWK8",false
"LAYS3LCYH",false
"LAYSLGV19",false
"LAYS3RRMI",false
"LAYSD7HOP",false
"LAYSWIMM3",false
"LAYSU4JWD",false
"LAYSUCXC8",false
"LAYSEFVS4",false
"LAYS8LDWB",false
"LAYSZN6C0",false
"LAYS8YDPW",false
"LAYS19Q98",false
"LAYS87JVD",false
"LAYS8NFZ0",false
"LAYSC8O4Q",false
"LAYS4BQKM",false
"LAYSY7TL0",false
"LAYSM08RD",false
"LAYS023KW",false
"LAYSN03TB",false
"LAYS4VQFY",false
"LAYSS95UO",false
"LAYSKLOY3",false
"LAYSRPANN",false
"LAYSWDB0C",false
"LAYSTI4YE",false
"LAYS7Q5J8",false
"LAYSIAVS1",false
"LAYSYTHO2",false
"LAYSN9FEY",false
"LAYSI7D46",false
"LAYSR753P",false
"LAYS8JRJT",false
"LAYSI5MDT",false
"LAYSRC9L3",false
"LAYSJCFES",false
"LAYSLA6S3",false
"LAYS67QI3",false
"LAYSORY36",false
"LAYSH3TMW",false
"LAYS0L4B1",false
"LAYSBT3VO",false
"LAYSWHD9V",false
"LAYSCILYE",false
"LAYSXSACL",false
"LAYSRRAT0",false
"LAYS8JXT2",false
"LAYSS7908",false
"LAYSLF41B",false
"LAYSUB3GI",false
"LAYSGDVN7",false
"LAYS9ZURM",false
"LAYSUW3LP",false
"LAYSL2TET",false
"LAYS6ZN49",false
"LAYS9KFAJ",false
"LAYS0Z0SX",false
"LAYSDNPNQ",false
"LAYSYO9QL",false
"LAYSSP9ZS",false
"LAYS4VD1M",false
"LAYSL94JV",false
"LAYSRX2TA",false
"LAYSZ0V8U",false
"LAYSL620A",false
"LAYSDO2Q0",false
"LAYSC0NAL",false
"LAYS0QZEZ",false
"LAYSFBU26",false
"LAYSCVT6J",false
"LAYS7FR92",false
"LAYSBQZ5T",false
"LAYS6UGRQ",false
"LAYSMS88R",false
"LAYS8TWP7",false
"LAYSX5L6S",false
"LAYSQH5C0",false
"LAYSXM9H0",false
"LAYSK0GMP",false
"LAYSIUL25",false
"LAYSLPTXZ",false
"LAYS0WSJI",false
"LAYS2EGQX",false
"LAYSJV99P",false
"LAYSXST1L",false
"LAYSNJ1FP",false
"LAYS5DNKE",false
"LAYSCJSQP",false
"LAYSXKN2W",false
"LAYS3ABCN",false
"LAYSEY8B9",false
"LAYS47J7F",false
"LAYSXQGWJ",false
"LAYSAZW72",false
"LAYS5AKPC",false
"LAYSVPMO2",false
"LAYSRBROJ",false
"LAYSE8DSS",false
"LAYS5MQ65",false
"LAYSZW1L8",false
"LAYSOJJNJ",false
"LAYS46Q9F",false
"LAYSKGYET",false
"LAYSOHOEA",false
"LAYSU0R4Q",false
"LAYSV9TW9",false
"LAYS1MDDQ",false
"LAYSCGIXY",false
"LAYS91W2V",false
"LAYSQGMJC",false
"LAYSW29P4",false
"LAYSQOQRU",false
"LAYSBO8DG",false
"LAYS0N1QN",false
"LAYSBUIMW",false
"LAYSQULPV",false
"LAYS4MN7W",false
"LAYSG4PDP",false
"LAYSQTKEB",false
"LAYSUXD0L",false
"LAYSXRYFN",false
"LAYSH7YEW",false
"LAYS2MX6S",false
"LAYS6HMAU",false
"LAYSZI5RZ",false
"LAYS52OFH",false
"LAYSJVX5S",false
"LAYSNCB1T",false
"LAYSPDET8",false
"LAYS562F9",false
"LAYSY4EDF",false
"LAYSH5S1C",false
"LAYSF7OES",false
"LAYSV89VN",false
"LAYSILUR0",false
"LAYSJ8P61",false
"LAYS2CXUZ",false
"LAYSPKYPP",false
"LAYS82QJN",false
"LAYS2NUQ6",false
"LAYSWJN5I",false
"LAYSF6OIU",false
"LAYSLHYRS",false
"LAYSJYT4Q",false
"LAYSH8AUX",false
"LAYSLBNME",false
"LAYSQ28QY",false
"LAYS2JK0B",false
"LAYS3T977",false
"LAYSBA2F9",false
"LAYSCZU2S",false
"LAYSA5WPS",false
"LAYS1L9R8",false
"LAYS0GOYF",false
"LAYSAWIJ3",false
"LAYS9NDJ0",false
"LAYSPRAV7",false
"LAYSO5BQL",false
"LAYS677T6",false
"LAYSV12T4",false
"LAYS1UPEE",false
"LAYSU3RHR",false
"LAYS0O85J",false
"LAYSFTOAE",false
"LAYS13A3B",false
"LAYSGPI6O",false
"LAYS7L2HN",false
"LAYSW58S7",false
"LAYSJV7DT",false
"LAYSTQ0IA",false
"LAYSEZTE3",false
"LAYS2XEGG",false
"LAYSAQXSH",false
"LAYS24TRQ",false
"LAYS4QDDK",false
"LAYSVMZ67",false
"LAYSU6S0G",false
"LAYSJXQWB",false
"LAYSA42LZ",false
"LAYS319AR",false
"LAYSSE6EB",false
"LAYSIGUK2",false
"LAYS9CP3Q",false
"LAYSSU0J2",false
"LAYSYL38M",false
"LAYSMKE50",false
"LAYSV43DH",false
"LAYSHIPKL",false
"LAYSU4UZF",false
"LAYSNDWRW",false
"LAYSIV0RP",false
"LAYSXMD1T",false
"LAYSITJEL",false
"LAYS1X95I",false
"LAYSYR055",false
"LAYSINMJ2",false
"LAYSBOIV1",false
"LAYSH5BMH",false
"LAYSK2H0I",false
"LAYSLS0TF",false
"LAYSFFZ60",false
"LAYSOXXDO",false
"LAYS5SQQ4",false
"LAYSYPJTM",false
"LAYSCOMZ0",false
"LAYS88AWA",false
"LAYSOYGXS",false
"LAYSIPESW",false
"LAYSOD2LB",false
"LAYSTZHGS",false
"LAYSF1Y5H",false
"LAYS2VLY7",false
"LAYSNNWCU",false
"LAYSG5OY7",false
"LAYS7M35U",false
"LAYSXBTL7",false
"LAYSZMQKR",false
"LAYSUNBMU",false
"LAYSVK5FL",false
"LAYSU1ULO",false
"LAYS666J2",false
"LAYS58MXR",false
"LAYSNJO4O",false
"LAYSCQOHA",false
"LAYSOGTVK",false
"LAYSZM9Y0",false
"LAYSACS8T",false
"LAYSLITRT",false
"LAYSAX8PH",false
"LAYSCVEFY",false
"LAYSBFTSB",false
"LAYSRT4VE",false
"LAYSSRB62",false
"LAYSA9FBF",false
"LAYSNML9G",false
"LAYS6M4E8",false
"LAYSBDGSI",false
"LAYSVRIJ6",false
"LAYSBANIW",false
"LAYSU7XHZ",false
"LAYSXLCHI",false
"LAYS8CZW2",false
"LAYSZOUK0",false
"LAYSXZ4RG",false
"LAYSM5WLJ",false
"LAYS7OLTY",false
"LAYS7VQFT",false
"LAYSI00UY",false
"LAYSV6O1L",false
"LAYSWT1O5",false
"LAYSAWPPE",false
"LAYSG8WNG",false
"LAYSHMBLX",false
"LAYS0QLNU",false
"LAYS1EG3N",false
"LAYSWVMTR",false
"LAYSSUIGH",false
"LAYSJREWW",false
"LAYSPIA8N",false
"LAYSHS6X6",false
"LAYSQBC3F",false
"LAYSZX0IN",false
"LAYS099PT",false
"LAYS65FXJ",false
"LAYS3TWQZ",false
"LAYSPFCPW",false
"LAYSV119F",false
"LAYSW9BWO",false
"LAYSLLZR5",false
"LAYS45LVB",false
"LAYS96I6B",false
"LAYSOOLUM",false
"LAYST5TSK",false
"LAYS19KS4",false
"LAYSQS70J",false
"LAYSCZAYZ",false
"LAYSE5JJE",false
"LAYS5UKVT",false
"LAYSPQEV3",false
"LAYSXQG63",false
"LAYSUJSVN",false
"LAYSHG0N3",false
"LAYS2UJ77",false
"LAYS337RN",false
"LAYSHFGGE",false
"LAYSZHMUM",false
"LAYS4J22R",false
"LAYSP4SSG",false
"LAYSTFD8E",false
"LAYSY74CV",false
"LAYSNABR2",false
"LAYSCQ0MI",false
"LAYSN1NO2",false
"LAYSAUP9D",false
"LAYS6SSVL",false
"LAYSS3D83",false
"LAYSWDY37",false
"LAYS78DQZ",false
"LAYSFWDW4",false
"LAYSPG8YA",false
"LAYSMPSLA",false
"LAYSKRUP0",false
"LAYSW1HYM",false
"LAYSDKHBH",false
"LAYSS3VPS",false
"LAYSGCQWA",false
"LAYSRBLCA",false
"LAYSBJMY1",false
"LAYSDW770",false
"LAYSQ8Q48",false
"LAYS4R9AW",false
"LAYS13YMO",false
"LAYSCHBTA",false
"LAYS6FIS2",false
"LAYSMSO6K",false
"LAYS3XZCT",false
"LAYSTUXXW",false
"LAYSF2Z4S",false
"LAYS8JE77",false
"LAYSKBHO8",false
"LAYSPWTWI",false
"LAYSHIJUA",false
"LAYSPHZ7T",false
"LAYSYCA9J",false
"LAYSZCF4Y",false
"LAYS0E1NK",false
"LAYS84C8P",false
"LAYSFI5SZ",false
"LAYSF026R",false
"LAYSNVSY7",false
"LAYSMK5YW",false
"LAYS383OH",false
"LAYSHQDL8",false
"LAYSUXQBZ",false
"LAYS4B142",false
"LAYSQGDED",false
"LAYS17SPL",false
"LAYSXH069",false
"LAYS2MXOJ",false
"LAYSLBPKV",false
"LAYSRQXYY",false
"LAYS6Q0NO",false
"LAYSYQC07",false
"LAYSB2RM9",false
"LAYSR24XQ",false
"LAYSZPZAG",false
"LAYSWFKDE",false
"LAYSOW9C9",false
"LAYS87Q9Z",false
"LAYSN2B0M",false
"LAYSRLG9X",false
"LAYSNI8VO",false
"LAYS2C7BA",false
"LAYSRDCK0",false
"LAYS93ZHT",false
"LAYSEF3SE",false
"LAYSQLPVJ",false
"LAYSQ4Z8Y",false
"LAYSMY3WA",false
"LAYSERIFF",false
"LAYSJLMJK",false
"LAYSL5Q2W",false
"LAYSJTNYM",false
"LAYS1YPX4",false
"LAYSB6A89",false
"LAYS7L9IG",false
"LAYS95Z9Z",false
"LAYSVVQRI",false
"LAYSEF1HI",false
"LAYSUY9YE",false
"LAYSH7UT1",false
"LAYSUYG63",false
"LAYSDE1L9",false
"LAYSP0MSU",false
"LAYS1SXPG",false
"LAYS4RTU7",false
"LAYS25ZWB",false
"LAYS0PLM2",false
"LAYSRE4L8",false
"LAYSQ8HNQ",false
"LAYSWJ0JA",false
"LAYS3E16O",false
"LAYSJEMF4",false
"LAYSJMSKI",false
"LAYSMZXS8",false
"LAYS33WMB",false
"LAYS89QMF",false
"LAYSB9HXQ",false
"LAYSQU2KS",false
"LAYSRQ5I6",false
"LAYSZNWWU",false
"LAYS6DYZN",false
"LAYSORV7Z",false
"LAYSR5535",false
"LAYSJC4F0",false
"LAYS6JTQU",false
"LAYS8LX7U",false
"LAYSL3D22",false
"LAYSJNIVV",false
"LAYSD5U1V",false
"LAYS4I64S",false
"LAYS3U5HN",false
"LAYS81JFQ",false
"LAYSQZ8K0",false
"LAYS8Q925",false
"LAYSNGSQ9",false
"LAYS1IZYY",false
"LAYSZKYRQ",false
"LAYSL01BQ",false
"LAYS3U6T7",false
"LAYSFB0A1",false
"LAYS8IKJZ",false
"LAYSCKWBO",false
"LAYSHGNR0",false
"LAYSNP7AS",false
"LAYSO41K6",false
"LAYSD5UZN",false
"LAYSQHFQV",false
"LAYSOL2O5",false
"LAYSSXDC0",false
"LAYSLVZQ8",false
"LAYSC8UC0",false
"LAYSMOJ08",false
"LAYSWO16N",false
"LAYSN83Q4",false
"LAYS6NJTF",false
"LAYSD6R88",false
"LAYS8XXML",false
"LAYSYV7TT",false
"LAYSKJ96F",false
"LAYSE8A30",false
"LAYSWHUQK",false
"LAYSIKF6F",false
"LAYS4TAR4",false
"LAYSB6YQR",false
"LAYSEQ6II",false
"LAYSXHOJ0",false
"LAYS3QPZW",false
"LAYSVLH24",false
"LAYSHWVFO",false
"LAYSXUPER",false
"LAYS9K32E",false
"LAYSX4WG6",false
"LAYSSJP2O",false
"LAYSYE0QH",false
"LAYSZNY0J",false
"LAYS02AMY",false
"LAYSAWFFX",false
"LAYSTX96M",false
"LAYSRJ9GV",false
"LAYSXG54K",false
"LAYSXWLFK",false
"LAYSHSGRH",false
"LAYSAZO8J",false
"LAYSAG5SV",false
"LAYSKQJAI",false
"LAYSNXLU7",false
"LAYSV7NUS",false
"LAYS9OS3J",false
"LAYSMSTGZ",false
"LAYSL4UYD",false
"LAYSTAS3M",false
"LAYSOU951",false
"LAYSOVBP6",false
"LAYSDRYZI",false
"LAYSRJS63",false
"LAYSWM18P",false
"LAYSEPA37",false
"LAYSSXDWT",false
"LAYSW0NHO",false
"LAYSG4QIB",false
"LAYSCMW4M",false
"LAYS4JPOK",false
"LAYSCGM3F",false
"LAYS9F2QY",false
"LAYSO7F11",false
"LAYSTCS9H",false
"LAYS85DWS",false
"LAYS0GYKP",false
"LAYSZ3RUG",false
"LAYSU5PDW",false
"LAYSY7QGP",false
"LAYSGAVAV",false
"LAYSO7W0O",false
"LAYSSOPOK",false
"LAYS92YUF",false
"LAYS7H9ZE",false
"LAYS29H03",false
"LAYSG1Z70",false
"LAYSZ93EX",false
"LAYSS19WC",false
"LAYSV53JF",false
"LAYSDCCMO",false
"LAYSEVDBU",false
"LAYSLBI1G",false
"LAYSPCMSK",false
"LAYSE1E5E",false
"LAYSPC2K9",false
"LAYSX1USQ",false
"LAYSEGUSE",false
"LAYS9PFPS",false
"LAYSR8VDF",false
"LAYSNCVNS",false
"LAYSNI64Z",false
"LAYSOUHBY",false
"LAYSTQPEN",false
"LAYSKKINY",false
"LAYSLLKSW",false
"LAYSSVKGP",false
"LAYS2Y17Y",false
"LAYSZV1PS",false
"LAYS6BWOR",false
"LAYS1477E",false
"LAYSVGOSK",false
"LAYSWH1E9",false
"LAYS9006Y",false
"LAYST4PYI",false
"LAYSZMGH0",false
"LAYSWOQDP",false
"LAYSW5BHB",false
"LAYSKB1WP",false
"LAYSB0GZW",false
"LAYSD7S0F",false
"LAYS99BP1",false
"LAYSJP46S",false
"LAYSI0DD7",false
"LAYSOGTDM",false
"LAYSOAJGD",false
"LAYSC0JFY",false
"LAYSSJ0ON",false
"LAYSCKYAJ",false
"LAYS9T3HQ",false
"LAYSU3V27",false
"LAYSEPLPV",false
"LAYSQLY8U",false
"LAYSY4RV0",false
"LAYS95B1Y",false
"LAYSNPR5R",false
"LAYSBAKX6",false
"LAYSYG948",false
"LAYSV69DR",false
"LAYS3F627",false
"LAYSZT023",false
"LAYSGVGH8",false
"LAYSIIRTN",false
"LAYSQLDKJ",false
"LAYS4F1VR",false
"LAYSB4DTP",false
"LAYSYVSL5",false
"LAYSL8C8N",false
"LAYSNC3YR",false
"LAYS70UUQ",false
"LAYSDEVKK",false
"LAYS26V8L",false
"LAYSFLM5L",false
"LAYSF9D2E",false
"LAYSA9X8S",false
"LAYSXJGLR",false
"LAYSVQN0M",false
"LAYS6E4CJ",false
"LAYS5TL55",false
"LAYS8814X",false
"LAYSQTG3X",false
"LAYSB576X",false
"LAYS3U46F",false
"LAYSQD1I9",false
"LAYSQZB3Y",false
"LAYSGKP9R",false
"LAYSAHM3H",false
"LAYS9NE23",false
"LAYSS8585",false
"LAYSNO40N",false
"LAYSC5U7Z",false
"LAYSVYUX4",false
"LAYSPB93L",false
"LAYST8AKR",false
"LAYSA58S6",false
"LAYSFOGFD",false
"LAYS71AVE",false
"LAYSEDLWX",false
"LAYSGNZ5I",false
"LAYSHB7H7",false
"LAYSIBLV3",false
"LAYS446YZ",false
"LAYS3W5T4",false
"LAYSH3JA7",false
"LAYSWSWUK",false
"LAYSN6F8I",false
"LAYSYD0SY",false
"LAYS0J3DI",false
"LAYS0AAKP",false
"LAYSNY572",false
"LAYSBRXQN",false
"LAYSCOSZB",false
"LAYSLCAFN",false
"LAYS9GD7R",false
"LAYSLOJI2",false
"LAYSYI4VA",false
"LAYSKG7T5",false
"LAYSPZXB5",false
"LAYS90NAG",false
"LAYSP8438",false
"LAYS52N4Z",false
"LAYSYXJJX",false
"LAYSWCHQZ",false
"LAYSMXE4P",false
"LAYSZEVTR",false
"LAYSF500R",false
"LAYS53L05",false
"LAYSZXAR4",false
"LAYS4E78P",false
"LAYS1DXBW",false
"LAYSJCS0M",false
"LAYSPGNUC",false
"LAYS2CK8W",false
"LAYSRIDJZ",false
"LAYS89PQK",false
"LAYS993L3",false
"LAYS3WVYG",false
"LAYSBD7QY",false
"LAYSEL9BM",false
"LAYSKCL4H",false
"LAYSNPQUO",false
"LAYSB5HBK",false
"LAYSQO0Y9",false
"LAYSRCKBF",false
"LAYSLGYN1",false
"LAYSD9LQJ",false
"LAYS69GE2",false
"LAYSTPLFL",false
"LAYS5MF9F",false
"LAYS16CBW",false
"LAYSSIWCS",false
"LAYSVIC3P",false
"LAYS5U0UN",false
"LAYS0TYW9",false
"LAYSQYZWX",false
"LAYS1P4I4",false
"LAYSBV371",false
"LAYSY3WKM",false
"LAYSSLTL2",false
"LAYS76IQ3",false
"LAYS00OPD",false
"LAYSHNY4G",false
"LAYS5KSDJ",false
"LAYSRIVY2",false
"LAYSSS8AJ",false
"LAYSUJVDX",false
"LAYSU8P11",false
"LAYSKVNIJ",false
"LAYSJHC7O",false
"LAYSW0MOY",false
"LAYSD8KTR",false
"LAYSLIT0V",false
"LAYSQ6NQ6",false
"LAYSWU33D",false
"LAYSUGT7J",false
"LAYSP6HBD",false
"LAYS1JTWL",false
"LAYSYBCP6",false
"LAYS7HWKZ",false
"LAYSQKTT4",false
"LAYS0D64H",false
"LAYSAPJGA",false
"LAYSV2SKJ",false
"LAYS750DL",false
"LAYSPXUG3",false
"LAYS4RLRK",false
"LAYS788E7",false
"LAYSFQ9UJ",false
"LAYS2HJ8Z",false
"LAYSG1EBV",false
"LAYSJ5B3M",false
"LAYSOTO9S",false
"LAYS27RZL",false
"LAYSZNCE2",false
"LAYSQPEBM",false
"LAYSQKVPR",false
"LAYSBN7HS",false
"LAYSS16ZO",false
"LAYS665QA",false
"LAYSVNH7L",false
"LAYSJK9ZV",false
"LAYS3VRK6",false
"LAYSJ6PST",false
"LAYSN8HJB",false
"LAYSOCZMD",false
"LAYS6A6VY",false
"LAYSA336A",false
"LAYSS9IS3",false
"LAYSSILOE",false
"LAYSX5SSP",false
"LAYSBEKMV",false
"LAYS47PV3",false
"LAYSJQZSK",false
"LAYSF3T7F",false
"LAYSYH0LZ",false
"LAYSH7BZA",false
"LAYSBU3XM",false
"LAYS2AVBH",false
"LAYSGGD1D",false
"LAYSDYD47",false
"LAYSBUM4D",false
"LAYSEI54H",false
"LAYS24N22",false
"LAYS57TCP",false
"LAYS2YYK8",false
"LAYSSG7ES",false
"LAYSP9BZQ",false
"LAYSFHS76",false
"LAYSVTCKT",false
"LAYS8UM9S",false
"LAYSUR6SV",false
"LAYSJDKGY",false
"LAYSV65M7",false
"LAYS21KPW",false
"LAYSOMFQY",false
"LAYS49LQL",false
"LAYSO0SNM",false
"LAYSBADX8",false
"LAYSOOVRK",false
"LAYSMFW0F",false
"LAYS0TOU8",false
"LAYS0FDYH",false
"LAYSKINKR",false
"LAYSOZBL4",false
"LAYSD28BT",false
"LAYSLF3A0",false
"LAYS06GAT",false
"LAYSE2AXU",false
"LAYSZ7BNQ",false
"LAYS9UCAQ",false
"LAYSXOU4Y",false
"LAYS5MVIY",false
"LAYSMS8BX",false
"LAYSMMB0O",false
"LAYSGNH65",false
"LAYSZOBLA",false
"LAYSD0N21",false
"LAYSQVHIB",false
"LAYSK6HUC",false
"LAYSTHJW5",false
"LAYS644OI",false
"LAYSX2GOT",false
"LAYSCJEIS",false
"LAYSZK72X",false
"LAYS4LH6A",false
"LAYS7QJD4",false
"LAYS8RSJ8",false
"LAYSGE4QI",false
"LAYSS47H3",false
"LAYS5RNOG",false
"LAYSUJWYA",false
"LAYSI5AHV",false
"LAYSO1W1U",false
"LAYSPXOKZ",false
"LAYS9YRV7",false
"LAYS8AI20",false
"LAYSKKZIR",false
"LAYS5DRUZ",false
"LAYS3O1L3",false
"LAYSSHYDG",false
"LAYS40C0K",false
"LAYS444L1",false
"LAYSEOH34",false
"LAYSQFZY4",false
"LAYSTOIAM",false
"LAYSGXU7L",false
"LAYSKDBGF",false
"LAYSI85WT",false
"LAYSN897R",false
"LAYS0ZHHC",false
"LAYSDFVW8",false
"LAYSGDGAB",false
"LAYSALB8A",false
"LAYSGCH4J",false
"LAYSGKF2H",false
"LAYSTUF8U",false
"LAYSUC50I",false
"LAYSYQXX2",false
"LAYSC99MB",false
"LAYS4AR6Y",false
"LAYS04AZP",false
"LAYSWSAVV",false
"LAYSFXAL4",false
"LAYSDX7XV",false
"LAYSO8368",false
"LAYS6Y011",false
"LAYSXOB9T",false
"LAYS4N876",false
"LAYS4TOLM",false
"LAYSUF1QG",false
"LAYS10VUH",false
"LAYSZTAWT",false
"LAYSRI7ED",false
"LAYSS3ZFC",false
"LAYSIFXW1",false
"LAYSGGWFY",false
"LAYSPYKGB",false
"LAYSE4S44",false
"LAYSOV17W",false
"LAYSXSCLT",false
"LAYSKEMLF",false
"LAYSSDL55",false
"LAYSE2R61",false
"LAYSFSTVZ",false
"LAYSBX343",false
"LAYSDPCFQ",false
"LAYSP2QKW",false
"LAYSJ4292",false
"LAYSF3EMU",false
"LAYS3J4RC",false
"LAYSRYZ8J",false
"LAYSIC4FG",false
"LAYS6A3YN",false
"LAYSMS1GX",false
"LAYS86S3Y",false
"LAYSZ22QE",false
"LAYSYSVYA",false
"LAYSBZ4HR",false
"LAYS8T78S",false
"LAYSF80NO",false
"LAYSX4MNU",false
"LAYSDQXSI",false
"LAYS1FVM9",false
"LAYSNCSK1",false
"LAYSUC0XH",false
"LAYS1SFCQ",false
"LAYSNIH13",false
"LAYS4DHHN",false
"LAYSDQHBD",false
"LAYS817PJ",false
"LAYSDWDJP",false
"LAYSR6D85",false
"LAYSPBJO7",false
"LAYSGD1AJ",false
"LAYSOZFB5",false
"LAYSAN5P4",false
"LAYS1ZAZE",false
"LAYSDF0RD",false
"LAYSVQAFO",false
"LAYSBUQX6",false
"LAYSSRTJ8",false
"LAYSSSI84",false
"LAYSTLHRI",false
"LAYSDTC62",false
"LAYSGDQ98",false
"LAYS84K0A",false
"LAYSOXL8O",false
"LAYSS0J3W",false
"LAYSMZQK8",false
"LAYSD1YGD",false
"LAYSBUL2H",false
"LAYSHCB16",false
"LAYSEGNZN",false
"LAYS42UF9",false
"LAYS7YDRA",false
"LAYSJBPDA",false
"LAYS2G7E3",false
"LAYS4Y7BZ",false
"LAYS0KG3B",false
"LAYSBXJ1H",false
"LAYSSIXK7",false
"LAYSMQRRF",false
"LAYSPA3TG",false
"LAYSZAMIG",false
"LAYSQTYGP",false
"LAYSHO0H7",false
"LAYS2A3SN",false
"LAYS3I1LU",false
"LAYSV83AS",false
"LAYSGPKT3",false
"LAYSZG050",false
"LAYSX9WHK",false
"LAYS1EZFQ",false
"LAYS37HJN",false
"LAYSOHV7O",false
"LAYSC3EI0",false
"LAYSCUX8C",false
"LAYSBB6OK",false
"LAYSPO53V",false
"LAYSB1D9Z",false
"LAYSGBCU3",false
"LAYS9IQ7N",false
"LAYS2P94P",false
"LAYSRSTWV",false
"LAYSDXR6K",false
"LAYSOE89H",false
"LAYS3ETW8",false
"LAYSVQ538",false
"LAYSJMUCC",false
"LAYSLO159",false
"LAYS7PCVG",false
"LAYSAT2BE",false
"LAYSMYBXF",false
"LAYS0VA6U",false
"LAYSUOA14",false
"LAYSM8J4V",false
"LAYSJGQQ2",false
"LAYSJXGTN",false
"LAYSI8UQI",false
"LAYSHJWWR",false
"LAYSRU51J",false
"LAYS634ZU",false
"LAYSA42KZ",false
"LAYSEVNJZ",false
"LAYSD25VV",false
"LAYS53PDR",false
"LAYSLLPT5",false
"LAYST9UGP",false
"LAYSJGMYV",false
"LAYSIK2EH",false
"LAYS7W4F1",false
"LAYS6ZJHW",false
"LAYSMH2VO",false
"LAYSJ1ZT6",false
"LAYSAGZZO",false
"LAYSWJQSC",false
"LAYSE35SQ",false
"LAYSNNRX3",false
"LAYSHV6T1",false
"LAYSXPML2",false
"LAYSV9EEV",false
"LAYS5R5N7",false
"LAYS3ULZA",false
"LAYS5GQT3",false
"LAYS3HUTC",false
"LAYS6MF68",false
"LAYS6VHTB",false
"LAYS4LCV0",false
"LAYS48SRD",false
"LAYSADDXO",false
"LAYSK47KC",false
"LAYS4EBHP",false
"LAYSA3Q5D",false
"LAYSPD5X0",false
"LAYSY9HGU",false
"LAYS5VE9X",false
"LAYSPM3V7",false
"LAYSXCOJB",false
"LAYSTZBRM",false
"LAYSV24T3",false
"LAYS1B6XJ",false
"LAYSVQKE6",false
"LAYSUWIL1",false
"LAYS7P1S6",false
"LAYSFZ913",false
"LAYSKA8FD",false
"LAYSOQ0LI",false
"LAYSOW9E2",false
"LAYSLT3VO",false
"LAYSMF5S7",false
"LAYSI4RQE",false
"LAYSK0SA2",false
"LAYS0OIGS",false
"LAYS4N1FN",false
"LAYS9JHPC",false
"LAYSZUWBR",false
"LAYS4F9HP",false
"LAYSFDSHV",false
"LAYSIVH6H",false
"LAYSPUFKT",false
"LAYSZ7I81",false
"LAYSW0JS6",false
"LAYSJEHJQ",false
"LAYSX37RM",false
"LAYSH6XN0",false
"LAYSINXM1",false
"LAYS1NQ88",false
"LAYS4ZD6Y",false
"LAYSLM0SP",false
"LAYS38IL9",false
"LAYSZFBLO",false
"LAYSZ0MJM",false
"LAYSACC0D",false
"LAYS7DCNJ",false
"LAYSZLPLC",false
"LAYSJ0A3T",false
"LAYSGEJAP",false
"LAYSZ6XC2",false
"LAYSBOC63",false
"LAYSXAO9Z",false
"LAYS26Z92",false
"LAYSGE1FD",false
"LAYSYS0OU",false
"LAYS92FTY",false
"LAYS8J0F0",false
"LAYSYQYCZ",false
"LAYS525VH",false
"LAYSAW7K8",false
"LAYS39SQA",false
"LAYS3SXL7",false
"LAYSHECXA",false
"LAYSINGUJ",false
"LAYS1A30E",false
"LAYSJG9U3",false
"LAYSE4K2Q",false
"LAYS939JG",false
"LAYSMBX2Q",false
"LAYS46ZFU",false
"LAYS1AP92",false
"LAYSOTVUK",false
"LAYSUTJ2O",false
"LAYSKWM9W",false
"LAYSSHC78",false
"LAYS09FRF",false
"LAYSFZCQO",false
"LAYSFCI6P",false
"LAYSRYBIF",false
"LAYS41M9Y",false
"LAYS4FCGA",false
"LAYSUO58A",false
"LAYSCLTD6",false
"LAYSHU69M",false
"LAYS8MUWA",false
"LAYSOHMVL",false
"LAYSKXV0H",false
"LAYS03DUZ",false
"LAYS4AOKS",false
"LAYST4Z86",false
"LAYSVVTDP",false
"LAYS3S580",false
"LAYSGC2RF",false
"LAYS1HGWJ",false
"LAYSJ608Z",false
"LAYSURX2J",false
"LAYS3FCDV",false
"LAYSX1HHG",false
"LAYSH8I4X",false
"LAYSHMSQK",false
"LAYSZQNDA",false
"LAYSHGFY8",false
"LAYSXENV3",false
"LAYS2NV8D",false
"LAYSYCZGN",false
"LAYSNPFUU",false
"LAYSYD2UP",false
"LAYSKVXNQ",false
"LAYS0BQDG",false
"LAYS3EWQ8",false
"LAYS9HKYL",false
"LAYS1RGKU",false
"LAYSRIG80",false
"LAYSNZ860",false
"LAYSN90Z8",false
"LAYS4R12C",false
"LAYSJ6YQJ",false
"LAYSWDULY",false
"LAYSX9KF7",false
"LAYS6ZZ0V",false
"LAYS2ZZYR",false
"LAYSVZI4F",false
"LAYSHW9WR",false
"LAYSPY7OD",false
"LAYS6W9NJ",false
"LAYST53CN",false
"LAYSQCOVN",false
"LAYSOBBG6",false
"LAYSMMI51",false
"LAYS46EA5",false
"LAYS2NVZN",false
"LAYSB7KWK",false
"LAYSV1AXJ",false
"LAYSMZS8Y",false
"LAYSSETQN",false
"LAYS8IDK6",false
"LAYSI1OAR",false
"LAYSGM6Z8",false
"LAYSAZBVH",false
"LAYSS8CY6",false
"LAYS2ELWY",false
"LAYSP9KOG",false
"LAYS4WG59",false
"LAYS8LUCF",false
"LAYS99YLA",false
"LAYSMFNBF",false
"LAYSSQTN4",false
"LAYS488X7",false
"LAYSIJH5B",false
"LAYS9YV6W",false
"LAYSX8R5T",false
"LAYS0DS05",false
"LAYS6OLG1",false
"LAYSKBWXX",false
"LAYSX1UOH",false
"LAYSR1WJH",false
"LAYSJGUAT",false
"LAYS6742Y",false
"LAYSFRX41",false
"LAYSDD90R",false
"LAYSYCDLG",false
"LAYSC0TQE",false
"LAYSKBA1K",false
"LAYSVKPPU",false
"LAYS9DJN7",false
"LAYSMPWJA",false
"LAYSDI9LI",false
"LAYSP1X1E",false
"LAYS4SOCI",false
"LAYSGYCA2",false
"LAYSFCN5Y",false
"LAYSIMTDK",false
"LAYSJ6A9W",false
"LAYSJLUDD",false
"LAYS7UHNO",false
"LAYS5CFMF",false
"LAYSNMLRB",false
"LAYSJP70K",false
"LAYSFGHEG",false
"LAYSG8KW6",false
"LAYSCJKC6",false
"LAYSN87EP",false
"LAYSY624H",false
"LAYSKLUC7",false
"LAYSTNX39",false
"LAYS4J6K4",false
"LAYSYOBZN",false
"LAYS9WN6V",false
"LAYSYCOII",false
"LAYS8TKCQ",false
"LAYSQVBSW",false
"LAYSAFNJZ",false
"LAYS45KGJ",false
"LAYSZVT26",false
"LAYSTVK9Y",false
"LAYSI69N3",false
"LAYSB72ZG",false
"LAYSD4YRO",false
"LAYSXHM8Q",false
"LAYSMELZ5",false
"LAYSSNEEZ",false
"LAYSYVKTL",false
"LAYSUB35F",false
"LAYS1CMXD",false
"LAYSRJ8BP",false
"LAYSHUHJ7",false
"LAYS62HD6",false
"LAYSZP2OP",false
"LAYSWHABX",false
"LAYSDLG9K",false
"LAYSVTRE0",false
"LAYSJ9GG0",false
"LAYS6Y9B2",false
"LAYSXBCBA",false
"LAYS8W6OO",false
"LAYSJ0N8P",false
"LAYSNM34S",false
"LAYSOY8K8",false
"LAYSMJ66U",false
"LAYSX3AK3",false
"LAYS442V2",false
"LAYSZNZI2",false
"LAYSO4W1H",false
"LAYSKB6CK",false
"LAYSFMPK9",false
"LAYS1Z77H",false
"LAYSHDWAN",false
"LAYSVJZ65",false
"LAYSAJ68W",false
"LAYSTT5MB",false
"LAYSY4SOQ",false
"LAYSCU9CS",false
"LAYSQ561S",false
"LAYS1ZNAD",false
"LAYSL9J3D",false
"LAYSUCFTD",false
"LAYSHGMHD",false
"LAYS6BYEW",false
"LAYSTXQ5D",false
"LAYS1URJ3",false
"LAYS1269M",false
"LAYSVVTJ7",false
"LAYSVL5W9",false
"LAYS5LAVT",false
"LAYSJB7UO",false
"LAYS91XDW",false
"LAYS8EZM3",false
"LAYS4L7F7",false
"LAYS5EXEZ",false
"LAYS7SOEG",false
"LAYS6KIMG",false
"LAYSK93OA",false
"LAYSPIZ2N",false
"LAYSOKT49",false
"LAYSFCQM2",false
"LAYSWB4LQ",false
"LAYS6FB0W",false
"LAYS2CNQS",false
"LAYS52D33",false
"LAYSDV8YW",false
"LAYSSM9FU",false
"LAYSNMRLD",false
"LAYSADSOC",false
"LAYS5S74J",false
"LAYSGB3AJ",false
"LAYSO227S",false
"LAYS9TDQF",false
"LAYSKGT4K",false
"LAYS3S25R",false
"LAYSGD4R4",false
"LAYS69B82",false
"LAYSFQXPF",false
"LAYSFLMCH",false
"LAYSV5YT0",false
"LAYSBEJ36",false
"LAYSQCCDD",false
"LAYSQZUZF",false
"LAYSHSE6Z",false
"LAYSTOP55",false
"LAYSEMUOI",false
"LAYSSP958",false
"LAYS7G0DA",false
"LAYSG7E9A",false
"LAYS4K4VF",false
"LAYSN3VCC",false
"LAYSHDC7L",false
"LAYS5KKFP",false
"LAYS959J2",false
"LAYSZFFXH",false
"LAYS04QLZ",false
"LAYS5T71F",false
"LAYS7U2DU",false
"LAYSDFMAC",false
"LAYSYHD94",false
"LAYSD0KB0",false
"LAYST5VWV",false
"LAYSI6SSX",false
"LAYSWZK9R",false
"LAYSD28MM",false
"LAYSPGLU5",false
"LAYSD26Z1",false
"LAYSYEKCZ",false
"LAYS7A5U3",false
"LAYSBCYJB",false
"LAYSNO61E",false
"LAYS7A1AC",false
"LAYS8HLV1",false
"LAYSD8WRL",false
"LAYSQOWU6",false
"LAYSCO36I",false
"LAYS4GWNA",false
"LAYS9X9B4",false
"LAYSSB995",false
"LAYS6XNVZ",false
"LAYS0R9UA",false
"LAYSM3XTK",false
"LAYSG1NTK",false
"LAYST32EH",false
"LAYSCWDN7",false
"LAYSVR9EL",false
"LAYSLY260",false
"LAYS0ATYM",false
"LAYSVPWC9",false
"LAYS8XNDP",false
"LAYSBRM58",false
"LAYSA07J0",false
"LAYSTIL4H",false
"LAYSX3UT3",false
"LAYS1PF58",false
"LAYSFJ4A3",false
"LAYSXM43O",false
"LAYSPQXBJ",false
"LAYSA7782",false
"LAYS2XI0V",false
"LAYS0NDBF",false
"LAYSEVWAN",false
"LAYSZETWP",false
"LAYSPP1QX",false
"LAYSK4OU6",false
"LAYSHKON4",false
"LAYSRZD6Z",false
"LAYS0J3BE",false
"LAYS4BAMN",false
"LAYSTB40N",false
"LAYSX4FA7",false
"LAYS3BOA9",false
"LAYS3X3A6",false
"LAYS5DL9T",false
"LAYSV4NPF",false
"LAYSRZHMO",false
"LAYSVF6PH",false
"LAYSKYRD4",false
"LAYS6RNNU",false
"LAYSCZY00",false
"LAYSBELFO",false
"LAYSEQG6X",false
"LAYS59M5G",false
"LAYSSNSJD",false
"LAYS1HPFT",false
"LAYSQZT1R",false
"LAYSMTISD",false
"LAYSMFR4D",false
"LAYSVXRXC",false
"LAYSMWN01",false
"LAYSL5M1P",false
"LAYSBM632",false
"LAYSDJ2B2",false
"LAYSMKL7G",false
"LAYSY936O",false
"LAYSRWODX",false
"LAYSOW7I9",false
"LAYSBK856",false
"LAYS5BDGI",false
"LAYSVSVKE",false
"LAYS8FAZM",false
"LAYS2ANFK",false
"LAYSAGMJT",false
"LAYSR08DM",false
"LAYSEKGLS",false
"LAYS3XNV3",false
"LAYSEGBWB",false
"LAYS9O152",false
"LAYS4AOLV",false
"LAYS0B8W1",false
"LAYS7DLRJ",false
"LAYSYS6GQ",false
"LAYSC4KUS",false
"LAYSKHCFE",false
"LAYSDWW2Y",false
"LAYSSTWDG",false
"LAYSAK3OB",false
"LAYSFJS62",false
"LAYSDM7EP",false
"LAYS6LPAD",false
"LAYSROJ4G",false
"LAYSJEZAI",false
"LAYS5P4PB",false
"LAYSRR73X",false
"LAYSUZF1F",false
"LAYS48OZK",false
"LAYSRR3DD",false
"LAYS2SMC5",false
"LAYS7CHH3",false
"LAYSJZIW8",false
"LAYS8U5UB",false
"LAYSY0HYR",false
"LAYSZYPEH",false
"LAYS4GDE0",false
"LAYSGUQLU",false
"LAYSBZL6O",false
"LAYSC8GN7",false
"LAYSSOVB6",false
"LAYSI9VRP",false
"LAYSPY5W5",false
"LAYS7GAKU",false
"LAYS1Z964",false
"LAYSEQK7S",false
"LAYSSXKVT",false
"LAYSTDBBI",false
"LAYS7JII0",false
"LAYSHMJ3B",false
"LAYSTVUUF",false
"LAYSXUQBS",false
"LAYSS6QKV",false
"LAYSDJQWZ",false
"LAYSAMVG5",false
"LAYSDMDL5",false
"LAYSIDB40",false
"LAYS23X8S",false
"LAYS3TXFO",false
"LAYS4OAD4",false
"LAYSL3H96",false
"LAYS6H7P8",false
"LAYSKCPLV",false
"LAYSY6SLX",false
"LAYS8JUGV",false
"LAYSNNKQ3",false
"LAYS5FF9L",false
"LAYSW3U4N",false
"LAYSVH958",false
"LAYSEJ4D9",false
"LAYS3XR6K",false
"LAYSV9D03",false
"LAYSPJWH3",false
"LAYSCT6Z8",false
"LAYSGKN29",false
"LAYSJIPAE",false
"LAYSYS3UT",false
"LAYSE93PE",false
"LAYSEZ3YL",false
"LAYSIQ9WQ",false
"LAYSEGJ6K",false
"LAYS3RTVB",false
"LAYSUSMO2",false
"LAYSNNBXT",false
"LAYSVPNSW",false
"LAYSHEX6D",false
"LAYSNA9Q1",false
"LAYS0EDOM",false
"LAYSGGM9J",false
"LAYSDQW4W",false
"LAYST6XK1",false
"LAYSHPJM4",false
"LAYS351I2",false
"LAYSOZ3J7",false
"LAYSEFWO8",false
"LAYSCV369",false
"LAYSIJOW2",false
"LAYSS73Z9",false
"LAYSTYD8E",false
"LAYS8WAC7",false
"LAYSOG9LA",false
"LAYS8YF2Z",false
"LAYSEDH8D",false
"LAYSPRC7R",false
"LAYSWKZTV",false
"LAYSKOYH4",false
"LAYSXBKUS",false
"LAYSIBIJ4",false
"LAYSDSZ6E",false
"LAYS10CHG",false
"LAYSXSLIW",false
"LAYSG30CE",false
"LAYSGD4HO",false
"LAYS20HA3",false
"LAYS435HU",false
"LAYSX0ELU",false
"LAYS1XARB",false
"LAYSMKX7W",false
"LAYS24GEJ",false
"LAYSJU790",false
"LAYSKFHI6",false
"LAYS3JCNO",false
"LAYSA1O0W",false
"LAYSMKW6Q",false
"LAYSEGP9S",false
"LAYSODN0X",false
"LAYS3AU4M",false
"LAYSASITG",false
"LAYSON1SX",false
"LAYS32ZPP",false
"LAYSZHHAU",false
"LAYSL7KMA",false
"LAYS9EITF",false
"LAYS0RSHQ",false
"LAYS4CUXW",false
"LAYSLAFR0",false
"LAYSCVZ9X",false
"LAYS3H9I3",false
"LAYSRA7SA",false
"LAYSH8P6J",false
"LAYSH80E6",false
"LAYSKBEWM",false
"LAYS1CYK0",false
"LAYSQED42",false
"LAYS7N7M6",false
"LAYSD27GX",false
"LAYS7X6NG",false
"LAYSV1N8W",false
"LAYSQ235G",false
"LAYSL76XO",false
"LAYSRPNSG",false
"LAYSJ9EQ3",false
"LAYSANCMU",false
"LAYSQDHV1",false
"LAYSVMESZ",false
"LAYS2Q5PP",false
"LAYSR727Q",false
"LAYSVPU22",false
"LAYSW3OE7",false
"LAYS6AFZK",false
"LAYSUR0ZJ",false
"LAYS5Z2GW",false
"LAYS80D90",false
"LAYSL4CVN",false
"LAYS9VA0R",false
"LAYSPNI9V",false
"LAYSFEXEJ",false
"LAYSQ8F07",false
"LAYSQ7NJ2",false
"LAYSXD54O",false
"LAYS9AL8Y",false
"LAYSFW0G1",false
"LAYSRFOP0",false
"LAYS6F0ON",false
"LAYSIXPL4",false
"LAYSFAU1V",false
"LAYS0AYHH",false
"LAYSNCMP4",false
"LAYSZIA1Q",false
"LAYSJZFT5",false
"LAYSCOX3K",false
"LAYS7JRUE",false
"LAYSYOM5Q",false
"LAYSQRETH",false
"LAYSLX4ZG",false
"LAYSE6P1S",false
"LAYSFKJR9",false
"LAYSXD7GU",false
"LAYSFT5XA",false
"LAYS34VVZ",false
"LAYSRQIJZ",false
"LAYS4I19X",false
"LAYSB70H8",false
"LAYSS2HHU",false
"LAYSSDL3L",false
"LAYSAJI5B",false
"LAYS8DDWX",false
"LAYSI3UHF",false
"LAYS5ZYYV",false
"LAYS4J06W",false
"LAYSLM24Q",false
"LAYS3DIRC",false
"LAYSEUQAV",false
"LAYSQZ2U4",false
"LAYSGIIYA",false
"LAYSW0IZ9",false
"LAYSY4CZM",false
"LAYS6D0QZ",false
"LAYS1EV4K",false
"LAYSM5OGI",false
"LAYS60IDR",false
"LAYSDDIEG",false
"LAYSO2S4A",false
"LAYSE10IZ",false
"LAYS63EVM",false
"LAYS8IM67",false
"LAYS0WMS3",false
"LAYS5LKYG",false
"LAYSELMN6",false
"LAYSOAG1P",false
"LAYSAB7KA",false
"LAYSSLP8D",false
"LAYSUDEF3",false
"LAYSLTM2V",false
"LAYS8GILC",false
"LAYSGUV38",false
"LAYS50GIQ",false
"LAYS82ORH",false
"LAYSWFLDV",false
"LAYSKOGDA",false
"LAYSSNBPQ",false
"LAYSC5P3E",false
"LAYSCA4OU",false
"LAYSIL8A2",false
"LAYSV7MV1",false
"LAYSNGIQD",false
"LAYSYLOWO",false
"LAYSZKGRZ",false
"LAYSFBBT8",false
"LAYS8470O",false
"LAYSGJSVL",false
"LAYSY5WUJ",false
"LAYS7ZATR",false
"LAYS21434",false
"LAYSRGJ3U",false
"LAYSNOF5C",false
"LAYSRBZGS",false
"LAYSKUP9O",false
"LAYS5MKOF",false
"LAYSFRCQQ",false
"LAYS9JL27",false
"LAYS82M62",false
"LAYSXEDYD",false
"LAYS3JSP6",false
"LAYSQJ7L1",false
"LAYSSDB6H",false
"LAYSKC561",false
"LAYSCOCO7",false
"LAYS9CBC6",false
"LAYSCQDXJ",false
"LAYSUG8PW",false
"LAYSZS274",false
"LAYS4F4U5",false
"LAYSXD3WR",false
"LAYSJXDE9",false
"LAYSM0GBS",false
"LAYS9IFXB",false
"LAYSLUZ71",false
"LAYSRGY2P",false
"LAYS9M26L",false
"LAYSTNJPH",false
"LAYS4G7E2",false
"LAYSVAZ8Q",false
"LAYSW8QNE",false
"LAYSBA3H8",false
"LAYSJSWH2",false
"LAYSPRL85",false
"LAYSN4IPO",false
"LAYSACKZQ",false
"LAYSQE228",false
"LAYSRRR8Y",false
"LAYS1YRJJ",false
"LAYS29JEG",false
"LAYSFGUMW",false
"LAYS8ADQK",false
"LAYSO5MP3",false
"LAYSWP0I0",false
"LAYSJGHLM",false
"LAYSBKX0E",false
"LAYSHF06F",false
"LAYSRHM27",false
"LAYSU8IQN",false
"LAYSI5MQ0",false
"LAYSVRB76",false
"LAYS5OROO",false
"LAYS4VONZ",false
"LAYS9CRK0",false
"LAYSRENNQ",false
"LAYS131MK",false
"LAYS91C1W",false
"LAYS9WCAT",false
"LAYSFOYPJ",false
"LAYSPLVEB",false
"LAYS1PXYG",false
"LAYSC63KK",false
"LAYSWQY40",false
"LAYSSG08R",false
"LAYS24CU9",false
"LAYSO4YO5",false
"LAYSPSJ77",false
"LAYSFCPU7",false
"LAYS399HT",false
"LAYSNNF81",false
"LAYSVFO7O",false
"LAYS9RCLN",false
"LAYSGX8LS",false
"LAYSZ681M",false
"LAYS5U14V",false
"LAYSMDDTJ",false
"LAYS9Q7DW",false
"LAYSB02GQ",false
"LAYS0WPG8",false
"LAYSHEC01",false
"LAYS9NJOI",false
"LAYSMDWVW",false
"LAYSKEQD7",false
"LAYSTG4D1",false
"LAYSEDWWD",false
"LAYSXVX9V",false
"LAYSBQEQ1",false
"LAYS37IFF",false
"LAYS0GA6U",false
"LAYSB03EX",false
"LAYS4XAYA",false
"LAYSLEBKQ",false
"LAYS0BPCO",false
"LAYS2BL5D",false
"LAYS5BISO",false
"LAYS6I4O0",false
"LAYSD6KDK",false
"LAYSCHB3J",false
"LAYS9L0ND",false
"LAYSLAGXG",false
"LAYSD48A8",false
"LAYSG8XB6",false
"LAYSNU3K8",false
"LAYSAM0DF",false
"LAYS6MW7H",false
"LAYSYK6XA",false
"LAYSUDORF",false
"LAYS1RX75",false
"LAYSP1EZ7",false
"LAYSDC1WE",false
"LAYS2M220",false
"LAYSXVVEC",false
"LAYSS491A",false
"LAYSDN4A3",false
"LAYSK1GY0",false
"LAYSHUPN8",false
"LAYSL813O",false
"LAYSM8H29",false
"LAYSTN6P0",false
"LAYSDJOZ1",false
"LAYSSW3QN",false
"LAYSRG4UI",false
"LAYSO8WK8",false
"LAYS3SZMS",false
"LAYS4PLWI",false
"LAYSO0KOO",false
"LAYS8NOP3",false
"LAYS1YKQG",false
"LAYSKCJHO",false
"LAYSQK793",false
"LAYSGDUWX",false
"LAYSLMIPZ",false
"LAYS0I355",false
"LAYS7D3H6",false
"LAYSU6OWE",false
"LAYSWG084",false
"LAYSGRFNB",false
"LAYSWE738",false
"LAYSCA0ZS",false
"LAYSKCZAO",false
"LAYSQ88YZ",false
"LAYSBQATN",false
"LAYSR9EFM",false
"LAYS2TDIC",false
"LAYSSVR4F",false
"LAYS7S5Y4",false
"LAYS97GZK",false
"LAYSSDU4Z",false
"LAYSG7D3R",false
"LAYSO8DOS",false
"LAYSL279K",false
"LAYSISXD2",false
"LAYS2ZAYJ",false
"LAYSUS3YE",false
"LAYSW99BF",false
"LAYSUCU6H",false
"LAYSOO3LO",false
"LAYSTZ1IT",false
"LAYSXOMO3",false
"LAYSPTYG5",false
"LAYS5DZP6",false
"LAYSBDVQ5",false
"LAYS2PBCL",false
"LAYS3T7C6",false
"LAYSANZFQ",false
"LAYS942P7",false
"LAYSKWNVR",false
"LAYSX4Y7Z",false
"LAYSHHZEH",false
"LAYSR0CXJ",false
"LAYSA73NI",false
"LAYSZIVRU",false
"LAYSDW5RI",false
"LAYSXBBH9",false
"LAYS2PQ57",false
"LAYS081SJ",false
"LAYS3XCDC",false
"LAYS1UF7I",false
"LAYSO1H5Q",false
"LAYSEXV5Y",false
"LAYS6EWT0",false
"LAYSKK9RW",false
"LAYS8BQJU",false
"LAYS4B044",false
"LAYSI401C",false
"LAYSTPU06",false
"LAYS4DNFA",false
"LAYS509ED",false
"LAYSI48IJ",false
"LAYSL17F3",false
"LAYSK0YV0",false
"LAYSRH2Z0",false
"LAYSX20E7",false
"LAYS5FLMX",false
"LAYSW1KDF",false
"LAYSBEUK1",false
"LAYSAGUMD",false
"LAYS2N23O",false
"LAYSMQMB2",false
"LAYSOCLV7",false
"LAYST8RR9",false
"LAYSA64XW",false
"LAYSUN20D",false
"LAYSCOH5P",false
"LAYSXPUDU",false
"LAYS6SCZC",false
"LAYSZLY7D",false
"LAYS1M5CQ",false
"LAYSDU4J9",false
"LAYS0SRYG",false
"LAYSQZ4LH",false
"LAYST8MMV",false
"LAYSPV64Q",false
"LAYS0YSVI",false
"LAYSE91Z3",false
"LAYS0MJZK",false
"LAYSVG1MS",false
"LAYSRNEU5",false
"LAYS65FQC",false
"LAYS5KNDN",false
"LAYS6239D",false
"LAYSV8GZN",false
"LAYSAW2D1",false
"LAYSBYLB9",false
"LAYSAKAGD",false
"LAYSHW1QW",false
"LAYSI6QJL",false
"LAYSNG8C1",false
"LAYSKRWWR",false
"LAYSHQEUZ",false
"LAYS6GAPJ",false
"LAYS02ROY",false
"LAYS7KHIU",false
"LAYSXJ5J0",false
"LAYSC8O72",false
"LAYSSW2KU",false
"LAYS9C8UJ",false
"LAYSL3QDG",false
"LAYS8LNY5",false
"LAYS2QGZT",false
"LAYS22L6D",false
"LAYS74OIS",false
"LAYSI74VM",false
"LAYS0L3BF",false
"LAYSUF03M",false
"LAYSORUYQ",false
"LAYSK8X0F",false
"LAYSJPBAI",false
"LAYSC7IZR",false
"LAYSLMYAG",false
"LAYSICE1Q",false
"LAYSTY3T5",false
"LAYSYHAW0",false
"LAYSBMFHL",false
"LAYSDO7B0",false
"LAYSPP1WD",false
"LAYS84F2C",false
"LAYSMXOX1",false
"LAYSVLL07",false
"LAYS49HOF",false
"LAYSO4J0O",false
"LAYS1ZBTG",false
"LAYSA5AP4",false
"LAYSSAJMD",false
"LAYSB4H2J",false
"LAYSQU0A0",false
"LAYSID3AV",false
"LAYSCR70A",false
"LAYSH6240",false
"LAYS60VBT",false
"LAYSWIPML",false
"LAYS97ZFA",false
"LAYSSL9HY",false
"LAYSBZVNF",false
"LAYSUFOIU",false
"LAYSGZOJU",false
"LAYSELE2H",false
"LAYSMRCF8",false
"LAYS3L9DN",false
"LAYSFEES1",false
"LAYSTE38S",false
"LAYSRI8YC",false
"LAYS7GUF6",false
"LAYS23QMJ",false
"LAYSVOHUZ",false
"LAYS0SQ9T",false
"LAYSF3CFH",false
"LAYS0SS7C",false
"LAYS7UNQT",false
"LAYSWC74U",false
"LAYS3APER",false
"LAYSMKCNS",false
"LAYSNS9LJ",false
"LAYSBXD2G",false
"LAYSXKERJ",false
"LAYSLUE8K",false
"LAYSG378T",false
"LAYSS0YDH",false
"LAYS01285",false
"LAYSC3K8B",false
"LAYS5LMM3",false
"LAYSQTQX9",false
"LAYSHYOT4",false
"LAYSXBIRV",false
"LAYS08R1H",false
"LAYSUJ7DC",false
"LAYSYSH5E",false
"LAYS42JP1",false
"LAYSNGZ7D",false
"LAYST1NYT",false
"LAYSTU7GR",false
"LAYSQPM7T",false
"LAYS585VC",false
"LAYSP6I59",false
"LAYS23Z0O",false
"LAYSKA4XO",false
"LAYSBK8AE",false
"LAYSBNBYX",false
"LAYSVWFYY",false
"LAYS48AP8",false
"LAYSH5K4X",false
"LAYSWCMC0",false
"LAYST2QOK",false
"LAYSOZ0U0",false
"LAYSG3GB9",false
"LAYSMT86Y",false
"LAYS8TSCS",false
"LAYSTG5A5",false
"LAYSK7K2L",false
"LAYSGEZTN",false
"LAYSB6LJY",false
"LAYSMH51V",false
"LAYSWDKEA",false
"LAYS6IVAV",false
"LAYSAGKS2",false
"LAYSHP155",false
"LAYSMNUH6",false
"LAYSNSAMP",false
"LAYS4BP58",false
"LAYS57JUG",false
"LAYSNBRUW",false
"LAYSU6WZU",false
"LAYSRU6HJ",false
"LAYSVS693",false
"LAYSCHII6",false
"LAYSMVPCN",false
"LAYSHFPNU",false
"LAYSYNM88",false
"LAYSG457T",false
"LAYSBE16Z",false
"LAYS3SA71",false
"LAYS2EJPF",false
"LAYS3NYFK",false
"LAYS27LTC",false
"LAYSH3KV7",false
"LAYSVTMFQ",false
"LAYSCZ2EK",false
"LAYS5P2UT",false
"LAYS4U7UI",false
"LAYSKIX28",false
"LAYSQ7YO0",false
"LAYSVUR5M",false
"LAYSUW59E",false
"LAYSF2DG5",false
"LAYSY02B1",false
"LAYSI8LWH",false
"LAYSUBVMI",false
"LAYS6OQGL",false
"LAYSW215Z",false
"LAYSCJIEO",false
"LAYS4AB7P",false
"LAYS06EWN",false
"LAYSVYRTB",false
"LAYSUX22Q",false
"LAYS54DEG",false
"LAYS66248",false
"LAYSKVWMX",false
"LAYSEX9EH",false
"LAYSOPZ1Z",false
"LAYSQHSKI",false
"LAYSFXCSJ",false
"LAYSZ95D5",false
"LAYSTR0SD",false
"LAYSO3QSI",false
"LAYSDUG0V",false
"LAYSCREIX",false
"LAYSLD8QC",false
"LAYSORO53",false
"LAYSZ1X2K",false
"LAYSM41Z2",false
"LAYS8DQOP",false
"LAYSJP9TC",false
"LAYSW0ZWN",false
"LAYSPWABZ",false
"LAYSBHUEI",false
"LAYSLAL1P",false
"LAYSPTYN1",false
"LAYS3RERM",false
"LAYSBA56Q",false
"LAYS63FGD",false
"LAYS6AG0I",false
"LAYSIGFQ3",false
"LAYSACTPA",false
"LAYSSII3H",false
"LAYSSA8L8",false
"LAYSXOT90",false
"LAYSD4LFB",false
"LAYS46NO7",false
"LAYSFBCX4",false
"LAYSI3QCS",false
"LAYS6QD7N",false
"LAYSAWVQD",false
"LAYSP7TLJ",false
"LAYSH6PA3",false
"LAYSLLW32",false
"LAYS35DPN",false
"LAYSTFT0L",false
"LAYSB20W4",false
"LAYSU2LD7",false
"LAYSUXEQ5",false
"LAYSBDP1A",false
"LAYSLFKA7",false
"LAYSO5ZMG",false
"LAYSRC3U2",false
"LAYSCMX93",false
"LAYSIM4N7",false
"LAYSHWYPX",false
"LAYS6PY5T",false
"LAYSH1BL9",false
"LAYS5A7U6",false
"LAYSZB1GC",false
"LAYSNP82Z",false
"LAYSLKKI3",false
"LAYSC8XJM",false
"LAYSWZQUD",false
"LAYSIPD9M",false
"LAYSSXF1Q",false
"LAYSZEPZU",false
"LAYSTD6UC",false
"LAYSTTY08",false
"LAYSFL6FA",false
"LAYSBORQX",false
"LAYSFCL6J",false
"LAYSTYCMU",false
"LAYSW9J9D",false
"LAYSX55CZ",false
"LAYSS1TEF",false
"LAYSKJUPG",false
"LAYSGHT54",false
"LAYSHR1HW",false
"LAYS5A804",false
"LAYS5SD74",false
"LAYS0YESU",false
"LAYS5IWI3",false
"LAYS4GTTX",false
"LAYSOQZQ8",false
"LAYSWVBJ5",false
"LAYSGSRR8",false
"LAYSK6CON",false
"LAYSNC95P",false
"LAYS1FPOY",false
"LAYSAFH5O",false
"LAYSS9JQE",false
"LAYS59TEZ",false
"LAYSNSKS9",false
"LAYS13D4L",false
"LAYS7IJNM",false
"LAYSDJC14",false
"LAYSNFZRH",false
"LAYSNW8KP",false
"LAYSUWTWS",false
"LAYSW3PF5",false
"LAYS9SBVX",false
"LAYSKUWMY",false
"LAYSUGWV1",false
"LAYS7WIEZ",false
"LAYSI0LTF",false
"LAYSFEMLQ",false
"LAYSC7AEJ",false
"LAYSGFSPK",false
"LAYS4XJWV",false
"LAYS16ILQ",false
"LAYSDMY39",false
"LAYSP8JLR",false
"LAYSEJXQQ",false
"LAYSVK1U1",false
"LAYSU0DTD",false
"LAYS3XK7W",false
"LAYSIGHNU",false
"LAYSCJ1UI",false
"LAYSAI2AH",false
"LAYS1X9T6",false
"LAYSQR7T4",false
"LAYSA4VKJ",false
"LAYS5Z0ZK",false
"LAYSTVCXM",false
"LAYSKDCJ5",false
"LAYS8KMNR",false
"LAYSYXJOZ",false
"LAYSXSA7Z",false
